550.0,1.736445,0.159432,0.702738,-0.922329,0.425639,-1.80725,-0.864962,0.877788,-1.042487,0.828236,-10.440768,-21.923535
106.0,0.53924,-0.500372,-0.122333,-0.922329,1.495304,-1.118299,-1.163558,1.115751,-1.281663,0.942666,-7.423552,-24.675969
298.0,-1.150933,1.196267,0.061016,1.161396,-0.475132,1.43082,0.74746,-0.431012,0.631744,-0.0872,-12.756863,-15.00141
250.0,-0.72839,1.196267,0.702738,0.971967,-0.700325,1.499716,0.807179,-0.252539,1.050302,-0.430488,-11.269342,-13.314001
915.0,0.53924,0.819237,2.077857,0.214248,-0.137343,0.121813,-0.14833,0.223388,-0.384753,0.771022,-13.811537,-19.025806
954.0,0.327968,-1.254434,-0.122333,-0.922329,1.382708,-1.393879,-0.924681,0.401861,-1.341457,1.514813,-3.200485,-28.242782
109.0,0.257544,-1.254434,0.152691,-1.364332,1.270111,-1.462774,-1.282997,0.34237,-1.341457,1.457598,-3.930403,-27.645021
119.0,1.736445,-0.406114,0.794413,-0.417184,1.044918,-0.704928,-1.462155,1.05626,-0.803311,0.771022,-10.790943,-21.756863
581.0,0.891359,-1.254434,-0.122333,-1.806334,0.707129,-0.842718,-1.103839,1.948624,-0.982693,1.057095,-8.434928,-23.688414
739.0,1.173054,0.159432,1.161111,-0.922329,0.707129,-0.222662,-1.521874,0.401861,-1.042487,0.599377,-11.468816,-21.097496
854.0,-1.925595,0.630721,0.061016,1.161396,-0.869219,0.948555,0.986337,-0.847448,0.213186,-0.487703,-9.962209,-11.724453
320.0,0.53924,-1.160176,-0.214007,-0.796043,1.833093,-0.980509,-1.342716,0.758806,-1.042487,1.285954,-4.112664,-27.434375
93.0,-0.939661,-0.500372,-0.67238,1.350826,-0.644027,0.604079,1.284933,-0.847448,1.409065,-0.945421,-9.357808,-11.023944
856.0,-0.657966,1.950329,-0.489031,0.466821,-0.925518,1.29303,0.807179,-0.371521,0.930714,-0.487703,-11.837976,-13.878773
1010.0,-1.714324,-1.348691,-0.489031,0.529964,-1.207009,0.397394,0.209986,-0.96643,0.87092,-1.231494,-4.355048,-5.084098
832.0,1.45475,-0.217599,1.619484,-1.174902,0.256744,-0.704928,-0.566365,0.580333,-0.384753,0.771022,-11.60332,-20.949545
463.0,1.595597,-0.783145,-0.122333,-1.174902,0.707129,-0.842718,-1.04412,1.353715,-1.221869,0.656592,-9.205811,-23.076362
808.0,1.45475,-0.406114,-0.397357,-1.427475,1.157515,-1.049404,-1.282997,1.413206,-1.341457,1.228739,-6.73254,-25.063467
450.0,0.820935,1.573298,1.619484,0.151105,0.707129,0.466289,-0.685804,0.877788,0.27298,0.084445,-14.898993,-17.780331
845.0,-1.291781,0.724979,0.427715,0.529964,-0.700325,0.466289,1.464091,-0.431012,0.87092,-0.945421,-10.419392,-12.261797
210.0,0.257544,1.856072,0.702738,0.214248,0.313042,0.948555,0.568302,0.639824,0.512156,0.427733,-13.681584,-16.135377
411.0,1.384326,-0.688887,-0.764055,-1.174902,1.382708,-0.980509,-0.9844,1.532187,-1.341457,1.285954,-6.899239,-25.060393
409.0,-1.080509,-0.500372,-0.67238,0.719394,-0.925518,0.604079,0.866898,-1.620829,1.648241,-0.830991,-3.193795,-3.678238
482.0,1.666021,-0.406114,-0.67238,-0.922329,0.876024,-0.704928,-0.9844,1.413206,-0.982693,0.771022,-9.415189,-22.977745
853.0,0.046273,1.290525,-0.489031,1.161396,-0.475132,0.397394,0.389144,-0.133557,0.213186,-1.231494,-12.489889,-14.596945
414.0,-0.869237,-1.160176,-0.764055,0.719394,-1.488499,0.741869,0.508582,-1.085412,1.289477,-1.345924,-3.715017,-4.236365
798.0,0.609663,-1.725722,-0.122333,-1.048616,1.044918,-1.049404,-0.745523,0.34237,-0.922899,1.457598,-2.904071,-28.423472
633.0,1.45475,-0.783145,-0.489031,-1.111759,0.819726,-1.738355,-1.282997,1.770151,-1.341457,0.656592,-8.983706,-23.33456
755.0,1.243478,-0.029083,1.436135,-0.922329,0.819726,-0.842718,-0.446927,1.175242,-0.982693,0.542163,-11.535864,-21.120797
410.0,-0.587542,-0.406114,-0.305682,-1.301188,1.495304,-1.049404,-0.805242,-0.133557,-1.102281,1.343169,-4.373739,-27.23591
365.0,-0.024151,1.667556,1.069437,0.656251,-0.475132,1.43082,0.389144,-1.025921,0.512156,-0.029985,-12.965623,-15.212177
919.0,0.609663,-0.311856,0.061016,-1.301188,1.270111,-1.049404,-1.04412,1.353715,-1.281663,0.828236,-7.015547,-25.028427
416.0,-0.72839,1.573298,-0.305682,0.656251,-0.644027,1.844191,0.74746,-1.263884,0.631744,-0.773776,-10.949511,-12.812302
201.0,0.18712,1.573298,0.886087,0.024819,-0.587729,0.810764,0.68774,-0.133557,0.392568,-0.316058,-13.806025,-16.170131
1012.0,-0.37627,0.724979,-0.305682,1.161396,-0.587729,0.810764,0.030828,-0.431012,0.27298,-0.430488,-12.090175,-14.152154
741.0,0.398392,0.819237,0.152691,-0.038324,-0.24994,0.328499,-0.446927,0.044915,0.87092,-0.144414,-13.426295,-15.675608
543.0,-1.573476,-0.783145,-0.947404,1.477112,-1.094412,0.328499,1.523811,-1.323375,0.392568,-0.888206,-5.44674,-6.294185
389.0,-1.714324,-0.217599,-0.764055,0.84568,-1.038114,0.672974,1.284933,-1.144902,0.691538,-0.830991,-4.464819,-5.261262
344.0,-1.150933,0.065175,0.061016,0.908824,-1.15071,0.948555,1.464091,-1.263884,0.153392,-1.05985,-7.704574,-8.98642
137.0,-0.164999,0.913494,-0.397357,1.287683,-0.587729,1.29303,0.807179,-0.96643,0.87092,-1.17428,-9.574066,-11.377155
661.0,-1.6439,0.065175,-1.314102,0.593108,-0.981816,0.741869,1.225214,-1.085412,0.27298,-1.117065,-6.901045,-8.213467
500.0,0.750511,-0.783145,-1.130753,-0.985472,0.819726,-1.256089,-1.103839,1.829642,-0.863105,0.542163,-8.118596,-24.049231
883.0,-1.291781,-0.217599,-0.580706,1.22454,-0.812921,0.397394,1.643249,-1.263884,1.050302,-1.002635,-4.659434,-5.477542
669.0,1.313902,0.819237,1.802833,-0.54347,0.313042,-0.153767,0.030828,0.520842,-0.205372,0.313304,-14.134705,-18.711811
619.0,0.327968,1.573298,-0.030658,0.151105,-0.53143,0.948555,0.508582,0.580333,-0.085784,0.256089,-13.6035,-16.006923
199.0,0.257544,-0.688887,-0.580706,-1.048616,1.270111,-0.980509,-1.04412,0.937279,-0.922899,1.858102,-3.345693,-28.093796
610.0,1.45475,-0.688887,0.152691,-1.238045,1.157515,-1.393879,-1.342716,1.829642,-1.281663,0.484948,-7.709834,-24.348845
606.0,1.173054,-0.59463,0.061016,-1.680048,0.594533,-1.256089,-1.223277,1.948624,-0.863105,0.99988,-8.558841,-23.692427
777.0,-1.080509,0.724979,-2.597546,0.466821,-0.925518,0.535184,1.284933,-1.501848,0.811126,-1.17428,-7.017222,-8.25048
881.0,0.680087,1.667556,2.169532,0.340535,0.200446,0.535184,-0.208049,1.115751,-0.444547,-0.029985,-14.38302,-16.844247
952.0,0.53924,1.761814,1.436135,0.214248,-0.024747,0.604079,0.508582,-0.252539,0.392568,-0.144414,-13.578932,-15.939783
1007.0,0.18712,1.667556,-0.122333,0.529964,-0.362536,1.224135,-0.387207,-0.014576,0.033804,-0.258844,-12.603647,-14.763904
412.0,0.680087,-1.160176,-0.580706,-0.922329,0.650831,-1.738355,-1.521874,1.353715,-1.221869,1.057095,-9.35533,-22.92732
844.0,0.327968,1.384783,-0.305682,0.593108,-0.53143,0.879659,0.448863,0.223388,0.392568,-0.373273,-12.759399,-14.951329
326.0,-0.798814,0.442206,-0.030658,1.03511,-0.306238,1.499716,0.508582,-0.252539,0.57195,-0.373273,-12.119338,-14.06478
740.0,1.173054,-0.500372,-0.489031,-0.796043,0.763428,-1.393879,-1.282997,1.889133,-1.162075,0.713807,-8.376812,-23.842384
553.0,-0.587542,0.630721,-0.122333,0.908824,-1.094412,1.43082,0.986337,-1.323375,1.289477,-1.231494,-9.665019,-11.356522
21.0,0.398392,-1.160176,-0.122333,-1.616904,1.101217,-1.393879,-1.282997,0.877788,-1.341457,0.942666,-5.012065,-26.662561
804.0,0.116696,-1.914238,-0.305682,-1.616904,0.932322,-1.256089,-1.103839,-0.014576,-1.341457,2.08696,-1.329257,-29.842945
363.0,1.313902,-0.500372,-0.305682,-1.553761,0.538235,-1.256089,-1.282997,1.889133,-1.162075,0.542163,-8.10628,-24.054621
901.0,-0.869237,-0.029083,-2.139173,0.782537,-0.812921,0.604079,0.926617,-1.025921,0.990508,-1.288709,-2.025989,-2.313437
593.0,0.18712,-0.217599,0.061016,-1.553761,1.439006,-0.980509,-1.04412,0.996769,-1.341457,0.828236,-5.253157,-26.488604
632.0,-1.362204,-0.029083,-0.67238,0.656251,-0.812921,0.672974,0.986337,-1.144902,0.751332,-1.05985,-2.628956,-2.933572
646.0,-1.362204,-1.348691,-0.855729,0.340535,-1.657394,0.466289,1.165495,-1.144902,1.468859,-1.345924,-3.76379,-4.261184
208.0,0.750511,0.347948,2.169532,-0.290897,0.481937,0.121813,-0.805242,0.639824,-0.384753,0.370518,-13.246545,-19.578842
680.0,2.088564,-0.217599,0.702738,-0.922329,1.044918,-0.429348,-0.805242,1.294224,-0.683723,0.713807,-10.451851,-22.029541
316.0,-0.939661,-1.065918,-2.047499,0.403678,-1.375903,0.121813,0.209986,-1.263884,0.811126,-1.345924,-2.169838,-2.461308
33.0,0.18712,-1.160176,0.152691,-0.796043,1.326409,-1.531669,-1.04412,0.223388,-1.102281,1.400384,-3.081764,-28.332077
789.0,-1.503052,0.065175,-0.67238,1.098253,-1.375903,0.672974,0.807179,-1.204393,1.528653,-1.345924,-4.837471,-5.736474
225.0,1.595597,0.347948,1.436135,-0.669756,0.98862,-0.842718,-0.685804,0.937279,-1.042487,0.771022,-11.39972,-21.235466
172.0,0.257544,-1.348691,-0.397357,-1.364332,0.98862,-1.66946,-1.342716,0.401861,-1.281663,2.08696,-2.063562,-29.118633
228.0,-1.150933,0.347948,-0.397357,0.340535,-1.094412,0.604079,1.046056,-1.323375,1.409065,-1.231494,-2.947734,-3.506141
796.0,0.116696,1.573298,1.34446,0.340535,-0.024747,1.01745,0.030828,0.937279,0.87092,0.313304,-14.783299,-17.402535
871.0,-0.869237,0.724979,-0.67238,1.287683,-0.812921,1.29303,0.926617,-0.96643,1.409065,-0.716562,-9.312513,-10.995149
827.0,1.313902,0.159432,1.252786,-0.922329,0.650831,-1.187194,-0.506646,1.05626,-0.683723,0.771022,-11.559404,-21.067234
48.0,0.820935,0.25369,2.169532,-0.164611,0.538235,0.328499,0.090547,0.877788,-0.384753,0.713807,-14.280528,-18.664154
371.0,0.53924,-1.442949,-0.030658,-0.922329,1.495304,-1.118299,-1.342716,0.580333,-0.982693,1.457598,-5.85379,-25.960283
442.0,0.046273,1.479041,0.061016,0.151105,-0.024747,0.672974,0.030828,0.104406,0.512156,-0.659347,-13.517548,-15.814277
750.0,1.595597,-0.688887,0.977762,-0.417184,1.044918,-0.842718,-0.924681,1.175242,-0.982693,-0.029985,-10.111675,-22.298886
241.0,-1.010085,-0.029083,-1.314102,0.214248,-1.038114,0.397394,0.508582,-1.620829,0.57195,-1.345924,-2.704591,-3.089715
990.0,0.257544,2.044587,1.34446,0.403678,0.36934,0.328499,-1.04412,0.461352,-0.922899,0.542163,-15.011978,-17.791743
485.0,-1.150933,0.159432,-0.67238,1.477112,-1.15071,0.328499,1.284933,-1.085412,1.409065,-1.345924,-4.704807,-5.428151
445.0,0.891359,0.159432,2.352881,-0.417184,0.538235,0.259603,-0.446927,0.996769,-0.564135,0.141659,-13.858165,-18.963957
269.0,-0.164999,0.630721,0.33604,0.656251,-0.081045,0.604079,0.807179,-0.490503,0.033804,-0.487703,-11.663802,-13.629995
792.0,0.257544,1.007752,1.619484,-0.038324,0.36934,-0.153767,0.150267,0.699315,-0.265166,-0.201629,-14.578638,-18.27523
940.0,-1.080509,0.065175,-0.489031,0.593108,-0.925518,0.948555,1.284933,-1.085412,1.289477,-1.288709,-6.713302,-7.948377
630.0,-1.996019,-0.217599,-1.039079,1.03511,-1.094412,0.328499,0.329424,-1.263884,1.110095,-1.17428,-5.009373,-5.939424
913.0,-0.37627,1.667556,0.702738,0.908824,-0.24994,1.499716,0.68774,-0.252539,0.631744,-0.716562,-10.985892,-12.838914
61.0,0.468816,1.479041,0.061016,0.529964,0.538235,0.948555,0.389144,0.401861,0.512156,0.484948,-14.960218,-17.554026
655.0,-1.010085,-0.123341,-2.689221,0.529964,-0.981816,0.328499,0.986337,-1.085412,1.648241,-1.403138,-1.615043,-1.888289
618.0,-1.150933,1.761814,0.061016,0.593108,-1.544798,1.568611,0.807179,-0.31203,0.930714,-0.258844,-11.180455,-13.305714
460.0,0.116696,-1.537207,-0.122333,-1.364332,0.98862,-1.66946,-0.9844,0.34237,-1.221869,2.029746,-2.090228,-29.072727
556.0,0.680087,-0.311856,0.977762,-0.101468,0.425639,-0.498243,-0.387207,0.818297,-0.205372,0.427733,-12.97191,-19.87667
734.0,-0.024151,1.10201,-0.397357,0.593108,-0.53143,0.259603,0.508582,-0.252539,-0.922899,-0.373273,-12.664973,-14.885964
15.0,1.595597,-0.029083,1.436135,-0.54347,0.650831,-0.773823,-0.626084,1.115751,-0.922899,0.484948,-11.46141,-21.10828
105.0,-0.798814,-0.311856,0.061016,1.287683,-0.925518,0.948555,0.866898,-0.847448,1.050302,-0.830991,-7.95391,-9.245917
890.0,-1.362204,-0.217599,-1.86415,0.908824,-1.15071,0.397394,1.225214,-1.620829,1.468859,-1.288709,-2.091244,-2.420767
561.0,0.53924,-1.537207,-0.122333,-1.743191,1.270111,-1.256089,-1.462155,-0.193048,-1.221869,1.800887,-1.331795,-29.88055
50.0,-1.503052,0.536463,-0.397357,0.971967,-1.038114,1.224135,1.225214,-0.96643,0.87092,-0.659347,-7.543956,-8.836612
40.0,0.257544,0.25369,2.169532,-0.669756,0.707129,-0.291557,-0.208049,1.115751,-0.384753,0.484948,-13.460562,-19.390528
699.0,-0.798814,-1.442949,-0.580706,-1.111759,0.763428,-1.393879,-1.521874,0.104406,-1.461045,1.400384,-1.389003,-29.669528
925.0,-1.432628,1.10201,-0.214007,0.593108,-0.756623,1.43082,1.046056,-0.490503,1.110095,-0.659347,-8.696892,-10.215059
288.0,-1.010085,-0.217599,-1.039079,0.84568,-1.038114,0.604079,0.926617,-1.799302,1.409065,-1.345924,-3.278152,-3.834373
868.0,1.45475,-0.59463,-0.214007,-1.427475,1.157515,-0.980509,-1.223277,1.294224,-1.341457,1.228739,-6.852377,-25.123916
458.0,-1.010085,0.159432,-0.855729,0.466821,-0.981816,0.604079,1.404372,-1.025921,0.57195,-0.659347,-7.009556,-8.055628
24.0,1.45475,-0.500372,0.519389,-0.985472,0.650831,-0.980509,-1.462155,1.413206,-0.743517,0.656592,-8.901965,-23.396153
964.0,0.18712,2.044587,0.977762,0.340535,-0.193641,1.15524,0.508582,0.104406,0.452362,-0.602132,-13.357796,-15.627596
332.0,-1.150933,-0.783145,-1.589126,0.593108,-1.319605,-0.222662,0.986337,-1.442357,1.409065,-1.231494,-1.94213,-2.185767
200.0,1.525173,-0.311856,1.436135,-0.54347,1.044918,-0.842718,-0.685804,1.175242,-0.803311,0.542163,-10.119249,-22.344267
165.0,1.313902,1.196267,2.169532,-0.7329,0.98862,-0.842718,-0.566365,0.34237,-1.042487,0.313304,-13.309187,-19.456178
164.0,-0.587542,0.159432,-0.489031,0.214248,-0.869219,0.672974,1.464091,-1.204393,0.691538,-1.231494,-2.929685,-3.394763
637.0,-0.657966,-0.311856,-0.67238,0.529964,-1.038114,0.741869,0.628021,-1.204393,1.528653,-1.231494,-3.949783,-4.669807
987.0,0.116696,2.138845,0.244365,0.529964,-0.024747,0.741869,0.628021,0.163897,0.093598,-0.373273,-13.247647,-15.582064
379.0,1.45475,-0.500372,-0.030658,-0.985472,1.157515,-1.876145,-1.223277,1.829642,-1.162075,0.771022,-7.81563,-24.312842
31.0,0.750511,-0.311856,1.619484,-0.922329,1.044918,-0.222662,-0.566365,0.996769,-0.922899,0.656592,-11.973559,-20.834744
156.0,0.18712,1.761814,1.069437,0.529964,-0.306238,0.879659,0.68774,-0.490503,-0.085784,-0.487703,-13.334533,-15.650106
353.0,1.173054,-0.971661,-0.489031,-0.922329,0.707129,-1.738355,-1.103839,1.829642,-1.341457,0.256089,-9.263446,-23.049977
983.0,1.173054,0.065175,0.152691,-0.796043,0.36934,-1.324984,-1.04412,1.115751,-1.162075,0.484948,-11.149767,-21.40872
107.0,0.468816,-1.537207,-0.305682,-1.806334,1.833093,-1.393879,-1.282997,0.520842,-1.221869,1.343169,-4.971571,-26.665072
763.0,-0.446694,0.065175,-0.122333,1.603399,-1.094412,0.535184,1.464091,-0.96643,0.751332,-0.945421,-7.859546,-9.281385
605.0,1.173054,-0.783145,0.061016,-1.616904,1.382708,-0.980509,-0.9844,1.234733,-1.341457,1.057095,-5.438678,-26.339077
52.0,-1.291781,0.25369,-0.397357,1.540256,-1.038114,1.29303,0.68774,-0.96643,0.990508,-1.288709,-9.328209,-10.892487
237.0,0.680087,-0.783145,-0.030658,-0.922329,1.157515,-1.118299,-1.402435,1.532187,-1.102281,0.942666,-8.565311,-23.584255
950.0,-1.6439,-0.029083,-0.67238,0.656251,-0.812921,0.672974,0.68774,-1.025921,0.811126,-1.345924,-2.19975,-2.45694
620.0,1.806869,-0.217599,0.061016,-1.553761,0.763428,-1.049404,-0.9844,1.472697,-0.863105,0.656592,-10.1083,-22.382478
159.0,-0.869237,-0.029083,-1.314102,0.719394,-1.432201,0.397394,0.628021,-0.96643,0.87092,-1.231494,-2.734903,-3.031362
186.0,1.10263,2.233103,0.702738,-0.290897,-0.137343,0.397394,0.269705,0.461352,0.392568,0.084445,-14.802398,-17.117586
599.0,-0.164999,2.044587,1.252786,0.529964,-0.587729,0.879659,0.568302,-0.252539,0.57195,-0.373273,-13.763743,-16.175292
515.0,-1.573476,-0.500372,-0.305682,0.971967,-1.15071,0.190708,1.404372,-1.739811,0.930714,-1.231494,-3.932863,-4.526616
503.0,1.736445,0.065175,0.702738,-1.743191,0.481937,-1.80725,-0.626084,0.520842,-1.102281,0.771022,-10.593615,-21.965743
122.0,0.468816,-1.254434,-0.305682,-1.680048,1.833093,-0.842718,-0.9844,0.877788,-1.162075,1.285954,-4.939705,-26.668146
179.0,0.53924,-0.59463,-0.030658,-1.174902,1.326409,-1.118299,-0.9844,1.115751,-1.162075,0.828236,-5.742819,-26.053333
53.0,1.806869,-0.406114,1.252786,-0.35404,0.876024,-1.393879,-1.103839,0.877788,-1.221869,0.313304,-9.965206,-22.386128
352.0,-0.869237,-0.217599,-0.489031,0.719394,-1.038114,0.190708,1.225214,-1.204393,0.27298,-1.403138,-3.357464,-3.905157
488.0,-1.855171,-0.311856,-1.039079,1.287683,-1.094412,0.604079,0.74746,-1.204393,1.050302,-1.17428,-4.1751,-4.928792
498.0,0.53924,-1.160176,-0.397357,-1.616904,1.270111,-1.256089,-1.462155,0.520842,-1.102281,1.972531,-2.076405,-29.165008
315.0,-1.573476,-0.500372,-0.67238,0.087962,-1.488499,0.397394,0.926617,-1.799302,1.767829,-1.345924,-3.316099,-3.915654
483.0,-1.080509,-0.029083,-1.222428,0.782537,-0.925518,-0.911613,0.628021,-1.144902,0.691538,-1.345924,-2.954408,-3.306388
459.0,0.891359,1.573298,1.527809,0.593108,1.044918,0.672974,-0.566365,0.937279,0.27298,0.484948,-14.997773,-17.929332
627.0,0.257544,-1.725722,-0.305682,-1.553761,0.481937,-1.531669,-1.402435,0.461352,-1.162075,2.08696,-2.151424,-29.149158
793.0,-0.798814,0.536463,-0.489031,1.161396,-0.24994,0.810764,0.628021,-0.31203,0.751332,-0.659347,-12.326537,-14.611047
521.0,-1.291781,-0.029083,-0.580706,1.666542,-0.700325,0.948555,1.284933,-0.96643,1.050302,-0.945421,-5.827986,-6.909312
864.0,-0.446694,1.573298,0.519389,0.84568,-1.207009,1.568611,1.284933,-0.728466,0.691538,-0.544917,-11.574854,-13.481998
929.0,-0.869237,1.573298,-0.580706,1.22454,-0.475132,1.29303,0.807179,-0.490503,0.093598,-0.716562,-12.054473,-14.189655
733.0,0.398392,-0.500372,0.061016,-1.301188,1.382708,-1.049404,-0.566365,-0.014576,-1.162075,1.228739,-3.510962,-27.942428
354.0,0.53924,-0.217599,-0.030658,-1.238045,1.495304,-1.118299,-0.864962,1.294224,-1.341457,1.285954,-6.620356,-25.239765
88.0,1.243478,-0.688887,0.061016,-1.301188,1.270111,-1.256089,-1.342716,1.472697,-0.743517,0.942666,-8.544748,-23.705929
538.0,0.18712,-1.160176,0.152691,-1.238045,1.382708,-0.980509,-0.864962,0.520842,-1.341457,1.400384,-4.57126,-27.062164
651.0,-1.221357,-0.406114,-0.947404,1.413969,-1.15071,0.121813,1.284933,-1.025921,0.392568,-0.830991,-4.697618,-5.409692
728.0,-0.164999,2.233103,1.436135,0.782537,-0.362536,0.535184,0.74746,0.401861,0.631744,-0.316058,-13.331504,-15.638124
78.0,0.257544,2.044587,1.436135,0.214248,0.36934,-0.084872,-0.864962,0.34237,-0.444547,0.542163,-15.07358,-17.776483
374.0,-0.446694,1.950329,0.702738,1.287683,-0.812921,1.706401,1.344653,-0.31203,0.631744,-0.544917,-10.621828,-12.413305
921.0,-1.291781,-0.311856,-0.67238,0.151105,-1.094412,0.672974,0.807179,-1.323375,1.708035,-1.231494,-2.906798,-3.341206
984.0,-0.72839,1.950329,0.152691,0.340535,-0.53143,1.706401,0.74746,-0.371521,0.930714,-0.716562,-11.783606,-13.740611
602.0,-1.150933,-0.029083,-1.039079,1.540256,-1.038114,0.672974,1.523811,-1.204393,0.87092,-0.945421,-5.447453,-6.194631
46.0,-0.305847,1.196267,0.244365,1.161396,-0.587729,1.361925,1.105775,-0.787957,0.751332,-0.773776,-12.402142,-14.490044
735.0,1.243478,1.856072,1.619484,-0.038324,0.200446,0.741869,0.030828,0.877788,0.631744,0.656592,-14.951015,-17.804078
302.0,-1.221357,0.724979,-0.580706,1.22454,-1.15071,0.948555,0.807179,-0.906939,1.409065,-0.773776,-9.832841,-11.439632
171.0,-0.446694,1.573298,0.152691,1.161396,-0.53143,1.706401,1.284933,-0.490503,0.512156,-0.830991,-10.71938,-12.590565
918.0,-0.446694,1.479041,0.519389,0.277392,-1.15071,-0.222662,1.284933,-0.668975,0.57195,-0.659347,-10.304564,-12.002262
834.0,0.961783,-1.537207,0.152691,-1.174902,0.425639,-1.187194,-1.282997,1.05626,-1.221869,0.771022,-10.997831,-21.44239
865.0,1.45475,-2.102753,-0.030658,-1.806334,1.270111,-0.980509,-0.864962,1.413206,-0.803311,0.942666,-9.687068,-22.706758
679.0,0.680087,1.007752,2.261206,0.277392,0.538235,0.741869,0.508582,0.223388,0.930714,0.313304,-14.959775,-17.450373
959.0,-1.221357,0.25369,-0.489031,0.529964,-1.038114,0.535184,1.404372,-0.96643,0.631744,-0.888206,-7.741796,-9.034357
604.0,-0.024151,0.819237,-0.67238,1.161396,-0.53143,1.224135,0.389144,0.044915,0.27298,-0.373273,-12.755444,-14.918003
432.0,-0.939661,-0.406114,-0.030658,0.719394,-0.756623,0.466289,1.404372,-1.025921,0.990508,-1.002635,-6.597542,-7.57202
401.0,0.257544,1.950329,0.061016,1.287683,-0.812921,0.259603,0.209986,0.163897,0.512156,-0.830991,-12.583374,-14.737358
190.0,-0.939661,-0.406114,-1.589126,0.719394,-1.488499,0.604079,0.68774,-0.847448,1.050302,-1.002635,-1.851115,-2.212659
38.0,0.750511,-0.59463,0.152691,-1.869477,1.495304,-0.911613,-1.223277,1.234733,-1.341457,1.057095,-6.659106,-25.37499
386.0,0.468816,-1.81998,-1.314102,-0.859186,1.213813,-1.118299,-1.462155,1.175242,-1.341457,1.11431,-6.366395,-25.446407
896.0,-0.446694,1.950329,0.427715,0.529964,-0.024747,1.01745,0.508582,-0.014576,0.153392,-1.002635,-13.549543,-15.760198
35.0,1.736445,-0.311856,-1.222428,-1.301188,0.819726,-0.842718,-1.402435,1.353715,-0.803311,0.656592,-9.370103,-22.934093
714.0,-0.305847,1.007752,-0.580706,1.03511,-0.53143,1.706401,0.74746,-0.371521,0.691538,-1.002635,-11.537894,-13.591044
257.0,0.327968,-1.537207,0.061016,-1.553761,1.495304,-1.324984,-1.223277,0.401861,-1.401251,1.11431,-5.675995,-26.031441
660.0,0.046273,0.819237,0.886087,0.466821,-0.081045,0.810764,0.150267,0.104406,0.751332,-0.430488,-13.425952,-15.795109
565.0,-0.869237,2.044587,1.069437,0.277392,-0.024747,0.535184,0.568302,0.104406,0.332774,-0.201629,-13.615688,-16.037805
730.0,1.313902,-0.311856,1.619484,-0.985472,1.101217,-0.291557,-0.805242,1.115751,-0.922899,0.771022,-11.13244,-21.274826
327.0,-0.305847,0.724979,-0.214007,1.287683,-0.756623,1.913086,0.986337,-0.490503,0.87092,-0.544917,-11.036454,-12.936293
860.0,-0.587542,1.007752,0.33604,0.656251,-1.038114,0.328499,-0.387207,-0.074066,-0.085784,-1.002635,-12.527287,-14.567089
292.0,0.046273,-1.160176,-0.122333,-1.553761,1.495304,-1.187194,-1.103839,-0.431012,-1.221869,1.514813,-4.222732,-27.452502
695.0,0.257544,-1.160176,0.33604,-1.490618,1.270111,-1.256089,-1.282997,0.461352,-1.162075,1.514813,-3.908288,-27.6072
624.0,-1.150933,-0.311856,-2.230848,0.971967,-1.488499,0.259603,0.150267,-0.96643,0.87092,-1.231494,-1.646945,-1.963119
403.0,1.173054,-1.160176,-0.305682,-1.301188,0.932322,-0.773823,-1.04412,1.948624,-0.982693,0.942666,-8.439377,-23.784653
563.0,0.257544,-1.348691,-0.397357,-1.553761,1.101217,-1.393879,-1.342716,0.580333,-1.042487,1.800887,-2.410787,-29.006042
512.0,1.173054,-0.500372,2.352881,-0.101468,0.313042,-0.291557,-0.506646,0.758806,-0.324959,0.427733,-13.141935,-19.648771
645.0,-1.080509,-0.217599,-0.580706,0.593108,-1.432201,0.397394,1.046056,-1.204393,1.050302,-1.403138,-3.02158,-3.448829
870.0,2.01814,0.159432,1.069437,-0.859186,0.594533,-0.704928,-0.685804,1.353715,-0.683723,0.656592,-10.407483,-22.038958
368.0,-0.024151,0.819237,-0.122333,1.22454,-0.644027,0.535184,0.090547,-0.371521,0.631744,-0.430488,-11.989866,-14.104066
218.0,-0.024151,0.630721,1.069437,0.403678,0.031551,1.568611,0.568302,-0.847448,-0.444547,-0.602132,-12.248636,-14.415129
337.0,-0.798814,1.573298,1.34446,-0.038324,0.876024,0.879659,0.090547,1.05626,0.392568,-0.659347,-14.762495,-17.345342
910.0,0.257544,0.25369,-0.214007,1.098253,-0.756623,0.397394,0.329424,0.044915,0.87092,-0.716562,-11.913631,-13.99778
540.0,0.046273,-0.59463,-0.67238,-0.985472,0.819726,-1.256089,-1.282997,0.401861,-1.281663,2.08696,-1.377602,-29.693921
533.0,-0.798814,-0.029083,-0.580706,0.84568,-1.207009,0.328499,1.344653,-0.847448,1.528653,-1.288709,-3.177754,-3.867887
23.0,-0.869237,0.724979,-1.039079,1.477112,-0.812921,0.672974,1.523811,-0.96643,1.588447,-1.231494,-5.624149,-6.599638
100.0,1.595597,-0.971661,-0.397357,-1.680048,1.157515,-0.773823,-0.805242,1.353715,-0.982693,0.599377,-9.638745,-22.619531
34.0,1.45475,-0.311856,1.069437,-1.490618,0.932322,-1.049404,-0.626084,0.699315,-0.683723,0.427733,-10.932734,-21.674263
146.0,0.750511,0.630721,1.986182,-0.227754,0.425639,0.397394,-0.327488,0.282879,-0.564135,-0.258844,-13.101522,-19.735625
180.0,-1.291781,0.630721,-0.030658,1.161396,-0.362536,1.29303,0.628021,-0.193048,0.452362,-0.544917,-12.066675,-14.166278
824.0,-1.221357,0.159432,-0.305682,0.782537,-1.15071,0.879659,1.523811,-1.025921,0.930714,-1.17428,-4.52657,-5.170449
76.0,-0.305847,0.819237,0.152691,1.161396,-0.869219,0.879659,0.986337,-1.025921,1.050302,-1.231494,-10.287604,-12.138673
202.0,0.53924,-0.500372,-0.397357,-1.301188,1.326409,-1.94504,-1.163558,1.234733,-1.162075,1.514813,-6.202278,-25.649717
114.0,-0.869237,-0.029083,-0.67238,1.161396,-1.094412,0.397394,1.165495,-1.323375,1.289477,-1.05985,-2.755442,-3.263567
761.0,0.257544,-1.81998,-0.305682,-1.427475,1.495304,-1.393879,-1.462155,0.461352,-1.281663,1.400384,-5.806464,-25.963528
635.0,0.750511,1.950329,1.34446,0.151105,1.044918,0.052918,0.030828,0.223388,0.033804,0.313304,-14.346866,-18.668425
1011.0,0.609663,-0.59463,0.061016,-1.743191,1.495304,-0.911613,-0.924681,-0.074066,-0.982693,1.400384,-3.84879,-27.681198
536.0,1.243478,0.159432,1.802833,-0.480327,0.650831,-0.153767,-0.506646,0.699315,-1.221869,0.427733,-13.659802,-19.1279
758.0,2.01814,0.159432,1.069437,-0.859186,0.707129,-0.842718,-0.685804,1.353715,-0.683723,0.656592,-10.487847,-21.996359
587.0,-1.010085,-0.217599,-1.039079,0.782537,-0.981816,0.328499,0.986337,-1.561339,0.87092,-1.231494,-6.356252,-7.444793
36.0,-0.869237,0.536463,-0.764055,0.529964,-1.432201,1.01745,0.807179,-0.96643,1.169889,-0.830991,-8.131757,-9.56466
491.0,-1.221357,-0.971661,-0.855729,0.340535,-0.925518,0.741869,1.404372,-1.739811,1.110095,-1.002635,-3.916225,-4.572206
177.0,0.609663,-0.029083,-0.122333,-0.922329,1.439006,-1.462774,-1.402435,1.05626,-1.401251,0.599377,-6.575766,-25.358957
634.0,-1.080509,-0.217599,-1.405777,0.277392,-1.038114,0.328499,0.568302,-1.085412,0.811126,-1.403138,-2.340998,-2.666107
559.0,0.257544,-0.500372,-1.405777,-1.301188,1.326409,-0.567138,-1.462155,1.353715,-0.922899,1.228739,-7.605002,-24.459352
393.0,-0.305847,0.724979,-1.314102,1.477112,-1.038114,1.637506,0.508582,-0.728466,1.050302,-0.602132,-9.241266,-10.95914
417.0,-0.587542,0.065175,-0.855729,0.908824,-0.700325,0.672974,0.986337,-1.620829,1.468859,-1.117065,-3.536843,-4.165405
683.0,1.525173,-0.217599,0.33604,-0.669756,0.876024,-0.567138,-0.745523,1.05626,-1.341457,0.713807,-11.939749,-20.650315
125.0,0.53924,-0.877403,-0.489031,-0.922329,1.833093,-1.118299,-1.103839,0.223388,-1.221869,1.400384,-4.648135,-27.017564
623.0,0.750511,0.913494,1.436135,-0.038324,0.650831,-1.118299,-0.685804,0.34237,-0.683723,0.370518,-13.416577,-19.27736
85.0,1.877293,-0.217599,1.069437,-0.669756,0.819726,-0.842718,-1.103839,0.520842,-0.922899,0.256089,-10.873869,-21.70046
62.0,0.750511,-1.254434,0.061016,-0.606613,1.044918,-1.738355,-1.04412,0.461352,-1.102281,1.400384,-3.752758,-27.711874
978.0,1.313902,-0.783145,0.061016,-1.616904,0.36934,-1.324984,-1.223277,1.948624,-0.922899,0.885451,-7.66517,-24.334832
395.0,-0.37627,-1.065918,-0.397357,-1.111759,0.707129,-1.118299,-1.223277,0.223388,-1.281663,1.400384,-1.817593,-29.461782
577.0,-0.587542,1.761814,-0.580706,1.287683,-0.812921,1.775296,1.284933,-1.382866,0.631744,-1.002635,-11.219762,-13.168906
951.0,0.18712,0.065175,0.061016,0.214248,-0.24994,1.568611,0.389144,0.163897,0.392568,-0.144414,-13.099517,-15.416944
112.0,1.384326,0.25369,2.077857,0.024819,0.650831,-0.015977,-1.04412,0.937279,-0.444547,0.313304,-13.095334,-19.720252
851.0,0.609663,1.761814,1.069437,0.340535,0.36934,0.741869,0.329424,-0.014576,0.213186,-0.830991,-14.369191,-16.862416
157.0,1.032206,-1.160176,0.061016,-1.174902,1.157515,-1.531669,-1.282997,1.770151,-0.922899,0.542163,-7.33841,-24.781423
3.0,-1.080509,0.25369,-0.67238,1.03511,-1.094412,0.948555,1.225214,-1.263884,0.452362,-0.830991,-7.759054,-9.091727
136.0,-0.587542,-0.500372,-0.030658,1.413969,-1.094412,1.224135,1.046056,-0.371521,0.811126,-1.403138,-10.035815,-11.78507
736.0,0.116696,2.233103,0.244365,0.529964,-0.081045,0.810764,0.568302,0.223388,0.213186,-0.487703,-13.265746,-15.603716
14.0,-0.446694,0.159432,-0.214007,1.161396,-0.812921,1.43082,0.926617,-1.263884,1.110095,-0.830991,-9.000656,-10.567376
526.0,0.53924,-0.311856,-0.214007,-1.616904,1.270111,-1.324984,-0.9844,1.353715,-1.162075,1.514813,-6.178864,-25.855586
1009.0,-1.6439,0.25369,-0.855729,1.350826,-1.319605,0.190708,1.284933,-1.323375,1.289477,-1.345924,-4.965258,-5.695349
392.0,0.609663,0.442206,1.252786,0.466821,0.200446,0.810764,-0.387207,0.699315,0.093598,0.542163,-14.0183,-16.422131
143.0,-0.446694,-0.029083,-0.305682,0.782537,-0.981816,0.672974,0.628021,-1.025921,0.930714,-0.716562,-7.524232,-8.848239
118.0,0.820935,-1.254434,-0.67238,-0.796043,1.6079,-1.187194,-1.223277,0.401861,-1.341457,1.171525,-4.856835,-26.811808
424.0,-1.221357,0.159432,-0.580706,1.350826,-1.15071,0.741869,1.404372,-0.847448,1.528653,-1.231494,-6.233637,-7.286024
328.0,-0.446694,0.630721,0.794413,0.214248,-0.24994,1.43082,0.74746,-0.847448,0.213186,-0.373273,-11.716814,-13.710409
795.0,-0.869237,0.536463,-0.947404,1.603399,-1.319605,1.43082,1.046056,-1.620829,0.631744,-1.002635,-9.332449,-10.992606
821.0,-1.996019,-0.029083,-1.314102,1.540256,-0.981816,0.810764,1.702968,-1.382866,0.87092,-0.716562,-5.367644,-6.199522
546.0,1.877293,-0.217599,1.161111,-0.985472,0.819726,-0.842718,-0.685804,1.294224,-0.982693,0.828236,-9.578418,-22.676707
42.0,0.327968,-2.385527,0.061016,-1.111759,1.044918,-1.324984,-1.04412,0.639824,-1.042487,1.858102,-1.56023,-29.719553
502.0,-0.305847,0.630721,-0.030658,1.287683,-0.925518,1.01745,1.284933,-0.787957,1.409065,-0.659347,-8.828514,-10.428347
289.0,0.257544,-0.971661,-0.947404,-0.796043,1.270111,-1.393879,-0.805242,0.937279,-1.162075,1.629243,-2.773239,-28.514414
707.0,-1.080509,-0.029083,-1.772475,0.340535,-1.207009,0.535184,1.225214,-0.96643,1.289477,-1.345924,-2.375567,-2.631637
690.0,-0.305847,1.667556,0.152691,0.656251,-0.24994,0.879659,0.68774,-0.193048,0.631744,-0.602132,-13.550789,-15.930756
718.0,-0.235423,-1.442949,-0.764055,-0.922329,1.326409,-0.980509,-1.462155,0.699315,-1.221869,1.858102,-2.733799,-28.602983
878.0,0.891359,-0.500372,0.061016,-0.985472,1.157515,-0.980509,-1.04412,1.294224,-1.221869,0.771022,-6.795503,-25.138618
366.0,0.468816,-2.291269,0.152691,-1.806334,1.6079,-1.876145,-0.745523,0.877788,-1.162075,1.457598,-3.731382,-27.748592
572.0,0.609663,-0.500372,0.152691,-1.174902,1.382708,-0.980509,-1.103839,1.353715,-1.341457,0.828236,-5.79189,-26.019757
394.0,1.313902,-0.123341,0.886087,-1.680048,0.481937,-0.980509,-1.402435,1.05626,-1.102281,0.599377,-11.2399,-21.295531
674.0,1.525173,-0.029083,1.069437,-0.7329,0.36934,-1.393879,-1.223277,1.234733,-1.162075,0.828236,-10.771299,-21.768491
517.0,0.750511,-0.217599,-0.489031,-0.985472,0.594533,-1.393879,-0.924681,1.234733,-1.162075,0.99988,-9.318147,-23.011254
149.0,-1.010085,0.630721,-0.489031,0.403678,-1.375903,-0.291557,0.986337,-0.847448,0.691538,-1.05985,-7.595062,-8.966892
173.0,-1.150933,0.819237,-1.589126,1.477112,-0.756623,0.466289,1.464091,-1.144902,1.528653,-0.830991,-6.344273,-7.418488
384.0,-1.080509,-0.406114,-0.67238,1.603399,-0.756623,-0.084872,1.046056,-1.204393,0.87092,-1.345924,-4.711904,-5.46661
420.0,-1.855171,-0.029083,-0.489031,1.287683,-1.207009,0.672974,1.284933,-1.323375,0.57195,-0.888206,-4.969974,-5.720847
286.0,1.384326,1.196267,2.352881,-0.164611,0.707129,-0.567138,-0.446927,0.996769,-0.085784,0.313304,-12.47578,-20.376979
956.0,-1.010085,-1.065918,-0.855729,1.03511,-1.263307,0.741869,0.568302,-1.501848,1.110095,-0.945421,-3.290597,-3.777338
880.0,0.257544,-2.008496,0.33604,-1.490618,0.98862,-1.738355,-1.342716,0.044915,-1.221869,2.029746,-2.340564,-28.991073
564.0,0.468816,0.347948,1.711159,0.151105,0.200446,0.672974,0.329424,0.461352,0.392568,0.484948,-14.942467,-17.544134
840.0,0.609663,-0.029083,-0.122333,-1.301188,0.763428,-1.324984,-0.924681,1.115751,-1.461045,1.11431,-6.616542,-25.322148
212.0,0.398392,-1.160176,-0.122333,-1.616904,1.495304,-1.118299,-0.805242,0.699315,-1.401251,1.057095,-4.592493,-27.038422
83.0,-0.446694,0.913494,-0.947404,1.413969,-0.587729,0.879659,1.165495,-0.906939,0.631744,-0.945421,-10.376705,-12.111973
985.0,-1.784747,-0.217599,-0.67238,1.477112,-0.700325,0.879659,1.464091,-1.501848,0.751332,-0.602132,-7.282232,-8.549849
239.0,-1.503052,-0.029083,-0.855729,0.908824,-0.925518,0.397394,0.389144,-1.204393,1.050302,-1.17428,-4.648642,-5.419832
493.0,-0.587542,0.065175,-0.214007,0.84568,-0.812921,0.810764,0.926617,-0.96643,0.930714,-1.288709,-8.20787,-9.659049
905.0,0.046273,-1.254434,-0.305682,-0.985472,1.833093,-1.187194,-1.04412,0.34237,-0.863105,1.343169,-4.817162,-26.905665
914.0,0.327968,-1.725722,0.061016,-0.922329,1.326409,-1.187194,-1.04412,0.044915,-1.461045,1.457598,-3.159037,-28.231602
595.0,1.595597,-1.442949,0.427715,-1.111759,1.157515,-0.980509,-1.342716,1.175242,-0.982693,1.057095,-8.607922,-23.664139
584.0,-0.939661,-1.254434,-0.764055,0.593108,-1.319605,-0.084872,1.284933,-1.263884,-1.042487,-1.403138,-3.483335,-4.170089
306.0,-1.573476,0.630721,-1.222428,1.22454,-1.094412,0.879659,1.046056,-1.204393,0.512156,-0.602132,-7.301384,-8.642553
127.0,1.595597,-0.406114,1.619484,-0.922329,-0.53143,-0.704928,-0.864962,0.996769,-0.743517,0.656592,-12.420408,-20.370926
670.0,-0.587542,0.25369,0.702738,1.287683,0.031551,1.568611,0.269705,-0.31203,0.27298,-0.773776,-12.285284,-14.440515
751.0,-1.150933,-0.029083,-1.589126,0.593108,-1.488499,0.397394,0.68774,-0.96643,0.57195,-1.288709,-2.322106,-2.587549
429.0,0.750511,-0.971661,-0.397357,-1.364332,1.326409,-1.80725,-1.521874,0.996769,-1.221869,0.885451,-5.652644,-26.182537
709.0,1.173054,0.25369,1.436135,0.024819,0.313042,-0.015977,-0.685804,1.115751,-0.564135,0.370518,-12.610645,-20.10544
319.0,-0.72839,0.536463,0.152691,0.908824,-1.038114,0.672974,1.165495,-0.787957,0.093598,-0.487703,-9.99596,-11.781335
513.0,-0.446694,0.724979,-0.030658,0.656251,-1.038114,0.879659,0.866898,-1.442357,0.811126,-0.773776,-8.326159,-9.770608
955.0,1.666021,-0.783145,1.252786,-1.301188,0.256744,-1.118299,-0.924681,1.05626,-1.162075,0.599377,-10.419328,-22.080478
115.0,-1.080509,0.724979,-0.580706,1.098253,-0.981816,0.672974,0.807179,-0.787957,1.468859,-0.716562,-8.59047,-10.228325
592.0,-0.587542,0.347948,-0.305682,1.350826,-0.812921,1.43082,0.448863,-0.668975,0.691538,-0.773776,-7.999908,-9.362334
254.0,-0.939661,0.159432,-0.855729,0.593108,-1.15071,0.397394,0.926617,-0.728466,0.930714,-1.231494,-2.290485,-2.539053
531.0,-0.587542,0.724979,0.152691,1.098253,-1.207009,0.535184,0.329424,-0.668975,0.512156,-0.773776,-8.332599,-9.694947
103.0,1.243478,-1.631465,-0.397357,-1.174902,1.101217,-1.118299,-1.223277,1.770151,-1.162075,0.427733,-7.374955,-24.561472
815.0,1.313902,-0.029083,1.436135,-0.038324,0.256744,-0.153767,-0.685804,1.115751,-0.444547,0.427733,-12.555078,-20.230036
387.0,-0.587542,0.159432,-0.489031,0.214248,-0.869219,0.672974,1.464091,-1.204393,0.691538,-1.231494,-3.329362,-3.789963
916.0,-1.432628,0.159432,-0.67238,1.161396,-0.981816,0.259603,1.762688,-1.204393,0.87092,-1.288709,-4.634803,-5.409688
99.0,1.10263,1.573298,0.33604,0.151105,0.481937,0.328499,0.389144,0.520842,0.57195,0.484948,-14.703401,-17.144544
693.0,-1.503052,1.761814,0.886087,0.529964,-0.587729,0.879659,0.74746,-0.014576,0.512156,-0.487703,-13.73007,-16.267102
867.0,0.53924,1.950329,1.069437,0.214248,0.313042,0.466289,0.508582,0.461352,0.033804,-0.373273,-13.691201,-16.01171
86.0,-1.573476,-0.123341,-0.855729,1.161396,-1.375903,0.328499,0.74746,-1.204393,1.528653,-1.17428,-4.321845,-4.943792
448.0,0.116696,-1.254434,-0.397357,-1.427475,1.551602,-1.393879,-1.342716,0.520842,-1.341457,1.228739,-4.938005,-26.691517
939.0,-1.362204,0.25369,-0.67238,0.719394,-0.812921,0.672974,0.926617,-1.739811,1.289477,-1.117065,-2.651267,-3.057012
567.0,1.384326,-0.029083,0.427715,-1.427475,0.707129,-0.291557,-0.685804,1.05626,-0.922899,0.656592,-11.353398,-21.288235
6.0,-1.150933,-1.725722,-1.772475,1.413969,-0.981816,0.328499,1.344653,-1.263884,0.452362,-1.288709,-5.661783,-6.593427
378.0,0.116696,-1.065918,-0.122333,-1.364332,0.932322,-1.600565,-1.402435,0.818297,-1.281663,2.20139,-2.557157,-28.826635
899.0,-1.784747,-0.029083,-2.505872,0.529964,-1.488499,0.672974,0.508582,-1.263884,1.409065,-1.288709,-1.633454,-1.840048
886.0,-0.939661,0.536463,-0.947404,1.098253,-0.475132,1.43082,0.68774,-0.906939,0.631744,-0.945421,-10.975255,-12.89426
966.0,-1.573476,-0.311856,-0.855729,1.161396,-0.812921,0.672974,0.74746,-1.561339,1.349271,-0.888206,-4.921638,-5.730227
318.0,-0.094575,-1.537207,0.061016,-0.922329,0.98862,-1.049404,-1.04412,0.223388,-1.461045,2.08696,-2.50367,-28.806157
178.0,1.45475,-0.59463,1.161111,-0.606613,1.044918,-0.567138,-0.864962,1.115751,-0.982693,-0.373273,-10.102288,-22.357804
130.0,0.116696,0.724979,-0.489031,0.403678,-0.644027,0.948555,0.508582,-0.133557,0.392568,-0.258844,-13.084007,-15.315134
457.0,-0.798814,1.761814,0.33604,0.593108,-0.756623,1.706401,0.508582,-0.431012,0.392568,-0.430488,-10.982828,-12.899947
568.0,0.609663,0.819237,1.34446,0.340535,0.313042,0.672974,0.030828,0.104406,0.033804,-0.029985,-14.788809,-18.290545
588.0,-1.010085,-1.537207,-0.764055,-0.480327,-1.375903,0.672974,1.344653,-1.739811,1.767829,-1.288709,-2.928325,-3.431973
72.0,0.398392,-0.877403,-0.397357,-0.985472,1.101217,-0.636033,-1.402435,1.532187,-0.982693,0.713807,-8.951023,-23.211695
473.0,-0.869237,0.347948,-0.305682,0.340535,-1.544798,0.466289,0.74746,-0.728466,1.528653,-1.117065,-5.963807,-6.89492
405.0,-1.150933,0.159432,-0.764055,0.782537,-1.15071,0.466289,1.523811,-0.96643,1.050302,-0.773776,-6.389858,-7.386499
657.0,-0.798814,-0.406114,-0.489031,1.477112,-1.375903,0.328499,1.404372,-1.204393,0.87092,-1.231494,-4.90147,-5.576704
685.0,1.10263,-0.688887,1.436135,0.087962,0.313042,-0.015977,-0.566365,1.115751,-0.683723,0.427733,-12.618408,-20.092941
275.0,-0.446694,0.724979,-0.030658,0.908824,-1.319605,1.01745,1.284933,-0.728466,1.648241,-0.830991,-5.886943,-6.767766
799.0,0.468816,-0.59463,-0.397357,-1.238045,1.326409,-0.911613,-0.685804,-0.014576,-1.341457,1.285954,-3.517168,-28.013427
272.0,0.257544,-0.971661,0.061016,-1.174902,1.101217,-1.256089,-1.462155,0.282879,-1.341457,2.20139,-1.763338,-29.449776
903.0,1.45475,0.724979,2.352881,-0.480327,0.481937,-0.704928,-0.446927,0.401861,-0.623929,0.02723,-13.372431,-19.41943
492.0,-1.432628,-0.217599,-0.397357,1.287683,-0.869219,0.190708,1.464091,-1.025921,0.631744,-0.888206,-7.351364,-8.570854
712.0,0.53924,-1.631465,-0.397357,-1.174902,1.157515,-1.600565,-1.402435,0.758806,-1.341457,2.08696,-1.590038,-29.593491
612.0,-1.573476,0.159432,-0.67238,0.719394,-0.700325,0.604079,1.344653,-1.085412,1.169889,-1.117065,-2.720918,-3.04191
932.0,-1.010085,-0.500372,-0.947404,0.84568,-1.375903,0.535184,0.74746,-1.382866,0.811126,-1.231494,-3.736296,-4.268169
682.0,1.45475,-0.406114,0.244365,-1.174902,0.98862,-0.980509,-1.223277,1.532187,-0.803311,0.771022,-8.738469,-23.415739
43.0,-0.869237,2.138845,1.069437,0.466821,0.200446,0.948555,0.74746,-0.728466,-0.085784,-0.144414,-14.011129,-16.329763
261.0,1.736445,-0.406114,-0.030658,-1.111759,0.313042,-1.118299,-1.342716,1.413206,-1.162075,0.656592,-10.231108,-22.25547
287.0,0.468816,-0.500372,-1.405777,-1.238045,1.833093,-1.049404,-1.282997,0.461352,-1.341457,1.343169,-4.276076,-27.377668
290.0,-1.010085,1.856072,0.061016,0.908824,-1.319605,1.43082,0.986337,-0.431012,0.811126,-0.716562,-11.401174,-13.235653
1002.0,-1.221357,0.159432,-0.764055,1.098253,-1.15071,-0.153767,0.926617,-1.085412,1.409065,-1.05985,-4.002467,-4.677754
654.0,-0.939661,1.196267,0.33604,0.656251,-0.53143,1.568611,0.628021,-0.787957,0.093598,-0.373273,-10.99081,-13.020803
55.0,0.468816,-1.065918,-0.214007,-1.111759,0.876024,-1.462774,-1.04412,0.877788,-0.803311,1.743672,-3.587658,-27.920366
135.0,-1.010085,0.536463,-0.214007,0.782537,-0.869219,0.879659,1.046056,-0.96643,0.57195,-0.888206,-7.417805,-8.72234
822.0,1.736445,-0.217599,1.527809,-0.417184,0.594533,-0.704928,-0.446927,1.115751,-0.683723,0.771022,-10.882639,-21.520668
554.0,-1.6439,-1.254434,-2.047499,0.529964,-1.207009,0.535184,0.628021,-1.085412,1.050302,-1.117065,-2.661254,-3.084468
663.0,1.595597,-1.725722,0.519389,-1.048616,1.157515,-0.980509,-1.402435,1.234733,-1.102281,0.942666,-8.564145,-23.59018
101.0,-1.150933,-0.971661,-0.855729,1.729685,-0.925518,0.810764,1.523811,-0.728466,0.811126,-0.716562,-5.367125,-6.236542
917.0,1.806869,-0.123341,1.069437,-0.669756,0.763428,-0.842718,-1.282997,1.115751,-1.221869,0.256089,-10.617013,-21.76211
686.0,-1.010085,0.25369,-0.122333,1.03511,-0.812921,0.604079,0.090547,-0.906939,1.110095,-0.773776,-9.533495,-11.239117
689.0,0.820935,0.724979,1.802833,0.024819,0.538235,0.397394,-0.14833,0.461352,-1.102281,0.542163,-14.120771,-18.742394
562.0,0.750511,2.044587,1.619484,0.277392,-0.024747,0.879659,-0.208049,0.877788,0.811126,0.771022,-14.749062,-17.102962
382.0,-1.221357,0.630721,0.061016,1.03511,-0.812921,1.568611,0.926617,-0.31203,0.332774,-0.773776,-8.7231,-10.262114
5.0,0.398392,-0.783145,-0.030658,-0.922329,1.044918,-0.704928,-1.103839,0.461352,-1.102281,1.629243,-3.760207,-27.828342
668.0,0.680087,-2.385527,0.061016,-1.238045,1.101217,-0.980509,-1.04412,1.829642,-1.341457,0.771022,-7.210557,-24.843339
760.0,-0.305847,0.724979,-0.030658,1.22454,-0.24994,1.361925,-0.14833,-0.371521,0.452362,-0.487703,-12.793071,-15.003987
87.0,1.384326,0.630721,2.169532,-0.922329,0.481937,-0.291557,-0.446927,0.639824,-0.504341,0.313304,-13.317344,-19.414994
281.0,-1.150933,-0.311856,-2.230848,1.03511,-0.981816,0.052918,0.926617,-1.025921,0.87092,-0.602132,-7.401266,-8.567347
644.0,-0.798814,0.065175,-0.489031,0.466821,-0.756623,0.741869,1.344653,-1.025921,0.512156,-0.659347,-7.025914,-8.104882
658.0,1.384326,0.536463,1.619484,-0.35404,0.313042,0.052918,-0.446927,1.175242,-0.02599,0.427733,-12.914416,-19.685565
453.0,2.01814,-0.217599,0.702738,-0.796043,0.98862,-0.429348,-1.282997,1.353715,-0.564135,0.942666,-10.594954,-21.890452
150.0,-1.150933,-0.500372,-1.039079,0.908824,-1.544798,0.672974,1.284933,-1.799302,0.87092,-1.345924,-3.020958,-3.526395
124.0,0.257544,-1.631465,-0.855729,-1.743191,0.932322,-0.911613,-1.282997,0.461352,-0.922899,1.858102,-2.965375,-28.431017
907.0,-0.235423,-1.254434,-0.305682,-0.922329,1.382708,-1.187194,-1.342716,0.639824,-1.102281,1.629243,-4.159926,-27.331041
446.0,-0.517118,0.25369,-0.305682,1.22454,-1.263307,1.01745,0.807179,-0.371521,0.57195,-1.231494,-8.636242,-9.988104
757.0,-1.221357,-0.311856,-0.489031,1.413969,-0.925518,0.466289,1.284933,-0.96643,1.528653,-1.288709,-5.738203,-6.664132
756.0,-0.869237,1.950329,0.152691,1.03511,-1.432201,1.844191,0.926617,-0.490503,0.930714,-0.544917,-11.311678,-13.268726
402.0,-0.305847,1.007752,2.077857,-0.101468,-0.306238,0.121813,-0.208049,0.461352,-0.324959,0.771022,-14.537761,-18.304429
95.0,-0.024151,-0.500372,-0.030658,-0.985472,1.213813,-1.187194,-1.223277,1.353715,-1.221869,0.599377,-7.231247,-24.760245
717.0,-0.517118,0.536463,-1.680801,1.603399,-1.094412,0.466289,0.448863,-0.609484,1.050302,-0.888206,-9.286404,-10.875934
92.0,-1.010085,-0.783145,-1.130753,0.656251,-1.263307,0.604079,1.344653,-1.561339,0.512156,-0.544917,-6.866136,-8.055577
935.0,0.18712,1.856072,1.252786,0.151105,-0.024747,1.086345,0.389144,0.937279,-0.02599,0.771022,-13.979093,-16.402398
308.0,0.750511,1.573298,1.436135,0.908824,0.031551,0.259603,0.329424,0.104406,0.392568,0.141659,-14.146146,-16.620402
943.0,1.525173,-0.500372,-0.397357,-0.796043,0.763428,-1.187194,-1.04412,1.829642,-1.281663,0.656592,-8.401151,-23.847998
129.0,-0.305847,-0.59463,-0.67238,-1.301188,1.776795,-1.049404,-1.402435,0.461352,-1.162075,1.285954,-4.206378,-27.343677
826.0,-1.291781,0.159432,-0.855729,1.161396,-1.038114,0.672974,0.866898,-1.204393,1.528653,-1.288709,-4.308198,-4.92999
189.0,0.257544,2.044587,-0.67238,0.087962,0.256744,0.879659,0.508582,0.461352,-0.205372,-0.029985,-13.766156,-16.04919
511.0,-0.587542,1.007752,0.061016,1.161396,-0.869219,1.568611,0.68774,-0.847448,0.751332,-0.830991,-11.21098,-13.263379
965.0,-1.362204,-0.311856,-0.030658,0.719394,-1.15071,1.224135,1.225214,-0.728466,0.392568,-1.002635,-6.925152,-8.180086
377.0,0.680087,1.761814,0.061016,0.024819,-0.306238,0.397394,0.030828,0.223388,0.512156,0.427733,-14.671494,-17.157524
818.0,-1.080509,-0.029083,-1.039079,1.161396,-1.15071,0.672974,1.284933,-1.561339,0.57195,-1.17428,-2.139975,-2.566269
762.0,-0.094575,1.007752,-0.305682,1.413969,-0.812921,1.568611,1.046056,-1.085412,0.332774,-0.773776,-10.266454,-12.120856
708.0,-1.855171,0.630721,-2.047499,0.782537,-1.094412,0.466289,1.344653,-1.739811,0.990508,-0.830991,-6.627768,-7.788559
148.0,-1.080509,0.065175,-0.855729,1.477112,-1.094412,0.535184,1.58353,-1.204393,0.631744,-0.773776,-5.579827,-6.532519
947.0,-2.207291,-0.217599,-1.222428,-0.164611,-1.319605,0.810764,-0.267769,-1.204393,1.110095,-1.345924,-1.908895,-2.120416
828.0,-0.517118,0.724979,-0.122333,1.287683,-0.812921,1.637506,0.68774,-1.025921,0.512156,-0.487703,-11.474805,-13.429102
667.0,-1.150933,0.159432,-0.947404,1.477112,-1.094412,0.259603,1.225214,-0.96643,1.169889,-1.288709,-5.828263,-6.673243
18.0,0.609663,-0.59463,-0.030658,-1.238045,1.495304,-1.393879,-1.342716,1.05626,-1.221869,1.285954,-6.602591,-25.208121
949.0,-1.080509,-1.537207,-0.214007,-1.364332,0.538235,-1.324984,-1.282997,0.282879,-1.221869,2.029746,-1.573331,-29.476044
443.0,1.173054,-0.029083,0.977762,-0.290897,0.481937,-0.704928,-0.685804,0.996769,-0.444547,0.256089,-13.017028,-19.730902
301.0,-0.446694,1.573298,-0.122333,0.908824,-0.756623,1.844191,0.807179,-0.371521,0.57195,-0.602132,-11.036699,-12.822154
449.0,-0.939661,-0.406114,-0.67238,0.782537,-1.038114,0.328499,1.404372,-1.263884,0.87092,-1.231494,-3.884534,-4.622909
872.0,-0.024151,0.442206,-0.305682,1.161396,-0.700325,1.43082,1.046056,-1.442357,0.811126,-0.830991,-10.181075,-12.090122
305.0,-0.869237,0.724979,-0.397357,1.350826,-1.263307,1.568611,1.046056,-0.728466,0.392568,-1.002635,-9.081713,-10.560572
782.0,1.595597,-0.59463,-0.030658,-1.048616,0.819726,-0.980509,-1.342716,1.472697,-1.042487,0.713807,-9.588222,-22.824457
291.0,1.595597,-0.783145,-0.030658,-1.743191,1.101217,-0.773823,-1.462155,1.472697,-0.922899,0.542163,-9.659806,-22.593695
396.0,-0.869237,0.347948,-0.947404,1.161396,-0.700325,1.086345,1.404372,-0.96643,1.349271,-1.17428,-6.355575,-7.501518
969.0,1.173054,-0.217599,2.169532,-0.038324,0.425639,-0.153767,-0.745523,0.996769,-0.564135,0.313304,-13.72659,-19.057845
705.0,-0.164999,-1.725722,-0.030658,-1.680048,1.270111,-1.256089,-1.163558,-0.252539,-1.341457,1.629243,-1.983263,-29.253054
980.0,0.116696,1.10201,-0.580706,-0.227754,0.538235,1.01745,0.389144,0.639824,0.27298,0.370518,-14.763104,-17.337765
520.0,1.313902,1.10201,2.169532,-0.417184,0.707129,-0.153767,-0.208049,0.996769,0.033804,0.484948,-12.999632,-19.716178
874.0,0.750511,1.856072,0.244365,0.529964,0.313042,0.466289,-0.566365,0.818297,-0.863105,0.484948,-14.660413,-18.342764
806.0,-0.587542,0.819237,0.061016,0.466821,-1.319605,0.672974,0.807179,-0.906939,1.528653,-0.716562,-5.964279,-6.951146
724.0,0.53924,-0.029083,-0.397357,-1.616904,1.157515,-1.393879,-0.9844,1.353715,-1.401251,1.514813,-6.188823,-25.612458
676.0,-0.517118,0.25369,0.061016,0.214248,-0.981816,0.741869,0.926617,-0.847448,1.528653,-0.659347,-5.931093,-6.834156
767.0,-0.657966,1.196267,-0.67238,1.287683,-0.981816,1.637506,1.284933,-0.431012,0.930714,-0.773776,-9.970371,-11.848684
73.0,-1.010085,0.724979,-0.67238,1.413969,-0.475132,1.43082,1.046056,-0.906939,0.930714,-0.602132,-9.193189,-10.774773
726.0,1.45475,-0.59463,1.619484,-0.227754,0.481937,-1.324984,-0.446927,1.05626,-0.205372,0.771022,-12.367235,-20.303118
300.0,0.257544,-1.254434,-0.397357,-0.922329,1.495304,-0.842718,-0.566365,0.401861,-1.221869,1.285954,-4.353503,-27.349105
590.0,0.53924,-1.160176,-0.214007,-1.616904,1.101217,-1.738355,-0.9844,0.639824,-1.341457,2.08696,-2.25507,-28.984464
274.0,0.257544,-1.160176,0.152691,-1.301188,0.98862,-1.256089,-0.9844,1.353715,-1.221869,1.228739,-6.854959,-25.023684
891.0,-0.869237,1.196267,0.427715,1.161396,-0.24994,1.43082,0.448863,-0.490503,0.27298,-0.430488,-12.786912,-14.990017
745.0,1.525173,-0.500372,1.252786,-0.859186,0.481937,-0.773823,-0.685804,1.05626,-0.863105,0.599377,-10.296882,-22.065284
245.0,-1.010085,0.347948,-0.305682,1.413969,-0.700325,1.01745,0.866898,-0.906939,0.930714,-0.830991,-8.438081,-9.79357
406.0,-1.150933,0.347948,0.061016,0.593108,-1.094412,1.568611,0.74746,-0.96643,0.930714,-0.773776,-8.229469,-9.7514
433.0,-0.587542,0.347948,-1.497451,0.656251,-0.981816,0.535184,1.284933,-0.728466,1.528653,-0.888206,-6.020859,-6.95301
47.0,-0.587542,0.536463,-0.214007,1.161396,-1.038114,1.706401,1.225214,-0.787957,0.452362,-0.659347,-10.643611,-12.562224
780.0,-0.72839,1.761814,0.244365,0.656251,-1.094412,1.706401,0.866898,-0.252539,1.050302,-0.430488,-11.356815,-13.332704
586.0,0.468816,-0.783145,-0.489031,-1.301188,0.481937,-1.118299,-1.103839,0.520842,-1.162075,2.029746,-1.998012,-29.319912
408.0,0.53924,1.573298,2.077857,0.340535,-0.418834,0.259603,-0.208049,0.401861,-0.324959,0.427733,-13.927457,-19.011413
49.0,1.173054,-0.783145,0.061016,-0.922329,0.932322,-1.118299,-1.342716,1.829642,-1.281663,0.828236,-8.95117,-23.292754
22.0,-1.6439,-0.029083,-1.772475,0.403678,-1.432201,0.328499,0.448863,-1.204393,1.409065,-1.345924,-2.323072,-2.666923
771.0,1.384326,-1.254434,2.352881,-0.164611,0.594533,-0.567138,-0.566365,1.115751,-0.444547,-0.544917,-13.424325,-19.314322
887.0,-1.362204,0.25369,-0.855729,0.908824,-0.700325,0.604079,0.866898,-1.799302,1.409065,-1.231494,-2.54181,-2.854456
582.0,0.609663,-0.688887,-0.030658,-1.743191,1.157515,-0.911613,-1.342716,1.532187,-1.102281,1.057095,-7.575628,-24.489818
227.0,-0.939661,1.761814,-0.030658,1.098253,-0.362536,0.604079,0.807179,-0.193048,0.631744,-0.373273,-11.725155,-13.756698
243.0,0.750511,-0.029083,2.169532,-0.669756,0.425639,0.397394,0.030828,1.05626,-0.324959,0.599377,-14.160452,-18.743865
238.0,-0.657966,0.819237,0.33604,0.971967,-1.038114,1.29303,0.74746,-0.609484,0.930714,-0.659347,-9.996647,-11.840243
920.0,1.736445,-0.500372,-0.489031,-1.238045,0.707129,-1.049404,-1.282997,1.472697,-0.863105,0.771022,-10.161214,-22.304649
244.0,1.736445,0.065175,1.069437,-0.606613,1.044918,-1.187194,-0.685804,1.353715,-1.281663,0.542163,-9.717255,-22.666515
911.0,0.327968,-1.631465,-0.67238,-1.301188,1.270111,-0.980509,-1.402435,0.401861,-1.102281,1.858102,-2.885455,-28.345397
508.0,0.046273,-1.160176,-0.489031,-0.922329,1.495304,-0.980509,-0.685804,0.461352,-1.341457,1.343169,-4.078338,-27.414576
126.0,-0.798814,0.630721,-0.305682,1.22454,-1.207009,1.637506,1.284933,-1.263884,0.87092,-0.487703,-10.015985,-11.768571
535.0,0.18712,1.856072,-0.030658,0.403678,-0.475132,0.672974,0.150267,-0.133557,0.512156,-0.144414,-12.598278,-14.905969
857.0,0.18712,0.724979,1.527809,-0.164611,0.200446,0.741869,0.150267,0.937279,0.512156,0.484948,-14.78378,-17.209639
435.0,0.046273,-1.442949,-1.86415,-0.985472,1.833093,-0.980509,-0.924681,0.520842,-1.162075,1.457598,-5.395286,-26.356792
501.0,0.257544,0.630721,1.252786,-0.417184,0.087849,-0.842718,0.150267,0.877788,-0.324959,0.484948,-14.025858,-18.86411
462.0,-1.503052,-1.254434,-0.855729,1.540256,-1.15071,0.466289,0.150267,-0.96643,1.409065,-1.117065,-6.041434,-7.108836
265.0,-0.305847,1.007752,0.427715,1.161396,-0.475132,1.706401,0.448863,-0.549994,0.392568,-0.487703,-12.896568,-15.111697
721.0,-1.573476,-0.029083,-1.497451,0.340535,-0.925518,0.259603,0.68774,-0.906939,1.468859,-1.288709,-1.583759,-1.868135
427.0,0.820935,-0.311856,-0.122333,-1.048616,1.495304,-1.600565,-0.9844,1.115751,-1.341457,0.599377,-6.022674,-25.694964
26.0,1.45475,-0.029083,1.527809,-0.669756,0.538235,-0.429348,-0.685804,0.996769,-0.922899,0.542163,-12.033768,-20.631746
494.0,0.257544,0.25369,2.077857,0.087962,0.031551,0.604079,0.150267,0.044915,-0.205372,0.771022,-14.473598,-18.375686
280.0,0.327968,-0.123341,-0.122333,-1.048616,1.270111,-1.049404,-1.402435,1.234733,-1.341457,1.285954,-7.769438,-24.300599
909.0,-0.939661,-1.348691,-1.222428,1.540256,-0.869219,0.879659,0.986337,-1.263884,1.349271,-0.830991,-5.414872,-6.252571
995.0,1.313902,1.667556,1.619484,0.277392,0.144148,0.052918,-0.387207,0.461352,-0.085784,0.484948,-14.928243,-18.123974
70.0,-1.573476,-0.029083,-1.222428,1.540256,-1.375903,0.397394,1.284933,-1.085412,1.349271,-1.17428,-5.365109,-6.248817
246.0,0.750511,-0.688887,-0.305682,-1.238045,1.439006,-1.876145,-1.521874,0.996769,-1.341457,0.942666,-5.73334,-26.110642
715.0,1.736445,-0.59463,0.519389,-0.859186,0.481937,-0.773823,-1.103839,0.877788,-1.162075,0.256089,-10.892735,-21.674518
936.0,-1.362204,-0.217599,-0.67238,1.098253,-0.925518,0.741869,1.404372,-1.263884,0.751332,-0.830991,-7.08574,-8.18283
788.0,-0.587542,0.442206,-0.397357,0.656251,-1.263307,0.328499,1.523811,-1.085412,0.87092,-0.716562,-6.574976,-7.610901
71.0,-1.010085,1.479041,-0.489031,0.087962,-1.038114,1.568611,0.74746,-1.263884,1.409065,-1.002635,-8.546277,-10.067139
743.0,-0.446694,0.819237,0.702738,0.782537,-0.869219,1.637506,0.866898,-0.193048,0.631744,-1.05985,-11.582655,-13.66306
889.0,0.398392,-1.348691,-0.214007,-0.859186,1.270111,-1.049404,-1.282997,0.580333,-1.102281,1.514813,-3.925061,-27.577725
731.0,0.18712,-1.725722,-0.030658,-1.680048,1.439006,-0.842718,-0.864962,0.699315,-1.102281,1.343169,-4.609239,-27.081766
849.0,0.750511,-0.59463,-0.397357,-1.553761,0.36934,-1.600565,-1.04412,1.591678,-1.162075,0.771022,-7.862394,-24.117905
455.0,-0.235423,-1.914238,-0.214007,-1.364332,0.98862,-1.600565,-1.342716,-0.133557,-1.461045,1.457598,-1.262883,-29.8712
934.0,1.313902,-0.783145,-0.67238,-1.553761,1.270111,-1.118299,-1.223277,1.532187,-1.042487,0.771022,-8.247801,-23.983621
783.0,-1.150933,0.347948,-0.855729,1.477112,-1.375903,0.672974,0.74746,-0.787957,0.990508,-0.888206,-6.096094,-7.093728
415.0,-1.080509,0.913494,-0.214007,1.098253,-0.700325,0.672974,1.225214,-0.728466,0.990508,-0.945421,-8.337822,-9.815607
835.0,-0.446694,-2.102753,0.061016,-1.048616,1.044918,-1.118299,-1.402435,0.401861,-1.341457,2.029746,-2.718099,-28.599182
341.0,-0.869237,0.347948,-0.305682,1.540256,-1.488499,0.604079,0.986337,-0.847448,0.930714,-0.659347,-8.414667,-9.868463
972.0,0.680087,-0.217599,-0.397357,-1.553761,1.495304,-1.187194,-1.04412,1.234733,-1.341457,1.11431,-5.356017,-26.409431
489.0,1.595597,-0.029083,1.619484,-0.796043,0.707129,-0.291557,-0.805242,0.461352,-0.803311,0.484948,-12.456329,-20.239772
418.0,-1.080509,-0.123341,-0.489031,1.287683,-1.488499,0.397394,1.046056,-0.906939,0.930714,-1.117065,-7.257425,-8.317236
616.0,-1.855171,0.913494,0.977762,0.782537,-1.319605,1.775296,0.448863,-0.906939,-0.085784,-0.945421,-12.964586,-15.050482
65.0,1.736445,-0.217599,1.069437,-0.796043,1.044918,-0.980509,-1.223277,0.996769,-1.102281,0.256089,-10.909391,-21.627747
499.0,1.10263,-0.500372,1.619484,-0.54347,1.044918,-0.429348,-0.9844,1.115751,-1.102281,0.656592,-11.264206,-21.330201
263.0,0.18712,-1.160176,-0.030658,-0.985472,1.270111,-1.049404,-0.864962,0.34237,-1.162075,1.514813,-3.959482,-27.615199
611.0,1.10263,1.007752,1.619484,-0.101468,0.36934,-0.291557,-0.028891,0.758806,-0.02599,-0.373273,-14.297693,-18.800463
426.0,0.468816,1.007752,2.077857,-0.038324,0.200446,-0.084872,-0.088611,0.699315,-0.444547,0.542163,-14.532928,-18.438218
961.0,-1.150933,0.442206,0.427715,0.84568,-0.869219,1.499716,0.807179,-0.193048,1.050302,-0.373273,-11.30158,-13.261141
846.0,1.595597,0.159432,1.436135,-0.669756,0.763428,-0.980509,-0.685804,1.05626,-0.803311,0.427733,-11.703957,-20.962104
571.0,1.313902,0.347948,-0.67238,-0.290897,0.538235,-0.153767,-0.208049,0.937279,-0.564135,0.427733,-13.816601,-19.087402
527.0,-1.010085,0.630721,-0.764055,1.413969,-1.094412,0.741869,0.986337,-0.96643,1.409065,-0.888206,-6.042778,-7.030495
893.0,-1.080509,0.25369,-1.039079,1.161396,-1.15071,0.672974,1.404372,-1.085412,1.409065,-0.888206,-6.257862,-7.318794
45.0,0.257544,-0.783145,-0.397357,-1.743191,1.157515,-1.049404,-1.282997,0.34237,-1.221869,1.972531,-3.004626,-28.339793
681.0,0.327968,-1.254434,-0.489031,-1.111759,0.98862,-1.738355,-0.9844,0.282879,-1.221869,2.20139,-2.55419,-28.833416
204.0,0.680087,1.196267,1.802833,0.277392,0.36934,0.466289,0.269705,0.996769,-0.085784,0.084445,-14.438561,-16.721616
968.0,-1.855171,-0.406114,-1.039079,1.287683,-1.094412,0.328499,0.68774,-0.96643,0.930714,-1.403138,-5.0501,-5.851893
615.0,0.609663,0.913494,1.34446,0.340535,0.594533,0.466289,-0.267769,0.163897,-0.384753,0.427733,-14.50809,-18.349615
16.0,0.680087,-0.406114,0.244365,-1.364332,1.495304,-1.118299,-0.924681,1.234733,-1.341457,1.514813,-6.554101,-25.428014
1013.0,0.820935,-0.59463,-0.305682,-0.859186,1.270111,-1.600565,-1.223277,1.353715,-1.281663,0.656592,-7.608592,-24.556857
823.0,-0.517118,-1.725722,0.061016,-0.796043,1.833093,-0.980509,-1.163558,0.699315,-1.341457,1.400384,-4.599021,-27.195447
636.0,0.18712,-1.065918,-0.305682,-1.743191,1.551602,-1.118299,-1.04412,0.520842,-1.281663,0.656592,-4.582896,-27.111964
573.0,-0.587542,0.347948,-0.764055,1.287683,-0.981816,1.086345,0.926617,-0.609484,1.349271,-0.945421,-7.958795,-9.390537
399.0,2.01814,0.065175,1.069437,-0.985472,0.707129,-0.636033,-0.626084,1.115751,-0.803311,0.942666,-10.419761,-22.001755
441.0,0.750511,1.479041,1.619484,0.529964,0.087849,-0.015977,-0.446927,0.104406,-0.145578,0.427733,-14.877994,-18.121464
801.0,-0.798814,0.819237,-0.397357,1.350826,-0.812921,1.01745,0.74746,-0.490503,0.57195,-0.773776,-8.82209,-10.295248
781.0,-1.925595,0.159432,-0.489031,0.466821,-0.981816,-0.980509,1.523811,-0.96643,1.409065,-1.288709,-4.386039,-5.163194
662.0,2.01814,0.159432,1.069437,-0.985472,0.594533,-0.842718,-0.924681,1.353715,-0.623929,0.599377,-10.528602,-21.987236
1008.0,-0.305847,0.630721,-0.397357,1.098253,-1.038114,1.43082,1.344653,-1.085412,1.349271,-1.117065,-8.891763,-10.479209
778.0,-0.446694,-0.123341,-0.030658,1.287683,-1.038114,1.01745,1.105775,-0.96643,0.930714,-0.773776,-8.451009,-9.923571
848.0,-0.446694,0.25369,-0.489031,0.971967,-0.193641,1.637506,0.448863,0.104406,0.57195,-1.231494,-12.289403,-14.316639
1015.0,-1.432628,0.913494,0.061016,1.22454,-0.587729,1.43082,0.568302,-0.549994,0.392568,-0.659347,-10.533265,-12.335567
809.0,-1.573476,-1.631465,-0.67238,0.84568,-0.981816,0.259603,0.508582,-1.025921,0.930714,-0.830991,-8.06026,-9.516972
727.0,1.45475,-0.688887,1.619484,-1.048616,0.481937,-0.980509,-0.864962,0.044915,-0.504341,0.771022,-12.264488,-20.423617
884.0,-1.150933,-0.217599,-0.397357,0.529964,-0.700325,0.535184,0.807179,-0.96643,1.648241,-1.231494,-2.502566,-3.0374
879.0,0.891359,1.761814,1.619484,0.340535,0.144148,-0.015977,-0.685804,0.401861,-0.085784,0.542163,-14.7765,-18.117049
303.0,-0.164999,-1.914238,0.152691,-0.985472,1.101217,-1.187194,-1.342716,-0.193048,-1.341457,2.20139,-2.000586,-29.316197
807.0,-0.37627,0.25369,-0.489031,1.03511,-1.375903,1.706401,0.74746,-0.847448,0.751332,-0.773776,-9.700178,-11.309137
361.0,0.609663,-0.311856,0.152691,-1.238045,1.382708,-1.118299,-0.924681,1.353715,-1.221869,0.99988,-6.484571,-25.28168
529.0,0.18712,1.667556,-0.030658,0.340535,-0.193641,1.29303,0.030828,0.163897,0.631744,-1.05985,-12.561149,-14.845356
904.0,0.398392,-1.442949,-0.305682,-1.680048,1.495304,-1.531669,-0.9844,0.818297,-1.162075,1.343169,-5.72846,-25.922227
314.0,-1.221357,0.065175,-1.130753,1.540256,-1.15071,0.466289,1.046056,-0.847448,1.767829,-0.716562,-5.58022,-6.543582
549.0,-1.925595,-0.59463,-1.405777,1.161396,-1.038114,0.121813,0.926617,-0.906939,1.528653,-0.945421,-1.373244,-1.559331
841.0,-1.291781,-0.217599,-1.405777,0.277392,-1.319605,0.535184,0.986337,-1.204393,1.767829,-1.345924,-1.53499,-1.809423
506.0,0.680087,-0.877403,-0.030658,-0.859186,0.98862,-0.842718,-0.924681,0.282879,-1.281663,1.686457,-3.793343,-27.770235
941.0,0.750511,0.724979,-0.214007,0.340535,0.256744,0.741869,0.68774,0.996769,0.512156,0.542163,-14.900019,-17.504515
628.0,0.53924,-0.500372,0.152691,-1.111759,1.270111,-1.600565,-1.342716,1.294224,-1.341457,0.771022,-6.823987,-25.031686
81.0,1.45475,-0.217599,1.619484,-0.417184,0.538235,-0.153767,-0.9844,0.758806,-0.504341,0.542163,-11.669595,-20.980769
748.0,0.398392,-0.500372,-0.030658,-0.859186,1.326409,-1.66946,-0.9844,1.294224,-1.162075,0.828236,-7.252849,-24.656682
981.0,-0.587542,0.25369,0.061016,1.287683,-1.319605,1.637506,0.926617,-0.668975,0.811126,-0.888206,-10.050733,-11.6974
991.0,0.609663,0.724979,2.169532,0.214248,0.481937,0.328499,-0.208049,0.996769,-0.265166,0.484948,-13.361825,-19.312688
255.0,0.891359,-2.102753,-0.397357,-1.364332,1.101217,-1.462774,-0.805242,1.294224,-1.221869,0.656592,-6.934185,-24.914827
249.0,0.116696,0.724979,1.34446,0.719394,0.256744,0.466289,0.448863,0.163897,0.452362,0.141659,-14.898856,-17.523271
802.0,0.820935,0.25369,1.436135,0.529964,0.707129,0.604079,-0.924681,0.580333,-0.324959,0.427733,-14.647224,-18.460263
219.0,0.398392,0.724979,1.436135,-0.35404,0.031551,-0.704928,-0.208049,0.937279,-0.743517,0.427733,-14.002446,-18.807751
476.0,1.45475,0.347948,0.794413,-0.038324,0.425639,-0.291557,-0.685804,0.639824,-0.444547,0.771022,-11.639801,-20.969989
528.0,-1.150933,-0.406114,-0.67238,1.161396,-1.15071,0.397394,1.523811,-1.085412,0.751332,-1.05985,-4.472168,-5.240826
407.0,-1.150933,-0.123341,-2.322523,0.593108,-1.319605,0.604079,0.866898,-1.323375,1.050302,-1.345924,-2.533525,-3.020137
456.0,0.327968,-2.385527,-0.67238,-1.427475,0.819726,-1.187194,-1.402435,0.877788,-1.221869,1.972531,-2.373353,-28.933471
28.0,0.680087,0.159432,2.352881,0.214248,0.594533,0.672974,-0.267769,0.937279,-0.324959,0.542163,-14.069727,-18.790768
97.0,0.046273,1.384783,0.794413,0.529964,-0.981816,1.568611,-0.506646,-0.728466,0.631744,-0.602132,-13.071338,-15.334395
988.0,-1.010085,-0.59463,-2.597546,0.908824,-1.207009,0.259603,0.508582,-0.96643,1.050302,-1.17428,-1.584393,-1.738918
96.0,-0.587542,-0.029083,-0.489031,1.287683,-1.207009,0.535184,1.046056,-0.787957,0.691538,-0.716562,-7.62903,-8.852824
931.0,-0.37627,-1.254434,-0.030658,-0.985472,0.819726,-1.324984,-1.521874,0.163897,-1.341457,1.514813,-1.408207,-29.79367
888.0,-0.024151,2.32736,0.794413,0.214248,0.313042,1.15524,0.568302,0.34237,0.153392,-1.117065,-13.674409,-15.985866
144.0,-0.798814,0.724979,-0.580706,1.098253,-1.038114,0.397394,0.807179,-1.144902,1.528653,-0.659347,-9.454345,-11.014356
397.0,-0.37627,0.25369,-0.030658,0.403678,-1.15071,0.466289,0.68774,-1.442357,1.169889,-0.830991,-7.794704,-9.341731
56.0,1.313902,1.761814,1.711159,-0.606613,-0.24994,0.052918,-0.446927,0.699315,-0.324959,0.542163,-14.869197,-18.165971
343.0,-1.432628,-0.217599,-0.67238,1.413969,-1.207009,0.328499,1.58353,-0.96643,1.528653,-0.945421,-5.125113,-5.980074
621.0,0.18712,-1.442949,-0.214007,-0.985472,1.833093,-0.980509,-1.04412,0.580333,-1.221869,1.343169,-4.900969,-26.689982
283.0,0.680087,-0.029083,-0.305682,-1.301188,1.326409,-1.462774,-1.402435,1.234733,-1.461045,1.400384,-6.073161,-25.773645
439.0,-1.221357,-0.59463,-0.67238,1.22454,-0.925518,0.466289,0.807179,-1.620829,0.990508,-1.231494,-5.144397,-5.886086
77.0,-1.010085,0.25369,0.061016,1.161396,-1.15071,0.328499,1.225214,-0.847448,0.691538,-1.117065,-7.606481,-8.956993
994.0,-0.657966,0.442206,-0.305682,1.413969,-1.038114,1.637506,0.986337,-0.609484,0.512156,-1.117065,-8.306136,-9.741961
466.0,-1.080509,-1.160176,-1.039079,0.593108,-1.094412,0.466289,1.284933,-1.561339,1.468859,-1.17428,-3.946096,-4.599955
434.0,1.173054,-0.217599,-1.130753,-1.427475,0.819726,-1.049404,-1.462155,1.472697,-1.221869,0.885451,-7.81593,-24.334653
380.0,-0.446694,0.25369,0.152691,0.719394,-0.925518,0.810764,0.68774,-1.323375,0.57195,-0.830991,-8.327075,-9.69442
153.0,-0.869237,0.25369,-0.030658,1.161396,-1.319605,1.568611,1.225214,-0.609484,0.87092,-1.17428,-9.807339,-11.615072
277.0,1.173054,-0.217599,1.436135,-0.417184,0.481937,-0.015977,-0.387207,0.937279,-1.102281,0.198874,-12.566831,-20.186338
447.0,1.45475,-0.500372,-0.030658,-1.238045,1.157515,-1.256089,-1.04412,1.829642,-1.102281,0.828236,-7.79354,-24.320957
958.0,-0.939661,1.196267,-0.580706,0.782537,-1.375903,1.361925,0.74746,-0.490503,0.811126,-0.773776,-10.047849,-11.719022
222.0,-1.432628,1.10201,-0.214007,0.782537,-0.869219,1.361925,1.284933,-0.668975,1.409065,-0.659347,-9.015668,-10.603547
174.0,1.10263,0.159432,1.802833,0.340535,0.594533,-0.567138,0.090547,0.282879,0.27298,0.313304,-14.339019,-18.647964
162.0,0.609663,-0.783145,-0.122333,-1.301188,1.044918,-0.980509,-0.9844,1.472697,-1.162075,0.942666,-7.635296,-24.470123
68.0,-1.010085,-0.123341,0.061016,0.403678,-1.207009,0.604079,0.628021,-1.204393,1.169889,-1.117065,-6.725962,-7.866326
675.0,0.961783,0.159432,2.261206,0.087962,0.594533,-0.222662,-1.402435,0.520842,-0.444547,0.427733,-13.828693,-19.040567
912.0,-0.869237,-0.123341,0.061016,0.782537,-0.812921,0.604079,0.74746,-1.501848,0.811126,-0.830991,-8.232759,-9.57033
240.0,0.53924,-2.6683,0.061016,-1.048616,1.101217,-1.187194,-0.9844,0.461352,-1.341457,2.08696,-1.490209,-29.760363
585.0,-0.164999,-0.406114,-0.947404,-1.553761,1.495304,-1.118299,-1.402435,0.639824,-1.281663,1.686457,-3.45909,-27.955301
116.0,-1.221357,0.159432,-0.855729,0.466821,-0.644027,0.535184,0.389144,-1.323375,1.229683,-1.117065,-5.632324,-6.627845
509.0,-0.939661,0.724979,-0.489031,0.656251,-0.812921,-0.291557,1.523811,-1.561339,1.289477,-0.945421,-6.350027,-7.419936
80.0,-1.150933,0.25369,0.061016,0.403678,-0.869219,1.224135,0.926617,-1.025921,0.930714,-0.830991,-7.638143,-9.010558
948.0,-0.587542,0.065175,-0.305682,1.477112,-0.869219,0.948555,0.866898,-0.787957,1.050302,-0.602132,-8.537481,-9.965658
560.0,-0.37627,0.819237,-0.122333,1.413969,-1.319605,1.499716,0.508582,-0.728466,0.930714,-0.659347,-10.217382,-11.996904
996.0,1.595597,-0.029083,1.436135,-0.54347,0.256744,-1.118299,-0.506646,1.234733,-0.803311,0.484948,-11.626916,-20.991575
454.0,0.680087,0.724979,2.352881,0.593108,0.425639,0.672974,0.329424,0.163897,0.512156,0.198874,-14.976213,-17.571339
999.0,-1.150933,-0.311856,-1.130753,0.593108,-1.094412,0.190708,0.926617,-0.96643,0.631744,-1.288709,-3.381153,-4.024515
151.0,0.257544,-1.254434,-1.130753,-1.301188,1.157515,-1.118299,-1.04412,0.461352,-1.221869,1.629243,-3.318893,-28.091151
507.0,1.736445,-0.123341,0.33604,-0.796043,0.763428,-1.256089,-1.581593,1.234733,-0.683723,1.11431,-9.577751,-22.779263
898.0,-1.150933,-0.783145,-1.589126,0.593108,-1.319605,-0.222662,0.986337,-1.442357,1.409065,-1.231494,-2.27215,-2.575139
364.0,-1.010085,0.25369,-1.314102,1.350826,-0.756623,0.672974,1.225214,-0.906939,1.468859,-0.716562,-5.482837,-6.501069
850.0,-0.939661,-0.500372,-0.855729,1.729685,-1.207009,0.328499,1.762688,-1.204393,0.990508,-1.403138,-5.286145,-6.175869
464.0,-1.291781,0.159432,-0.855729,0.593108,-0.925518,0.397394,0.389144,-1.501848,1.648241,-1.345924,-5.015031,-5.954423
557.0,-1.291781,-0.688887,0.061016,1.22454,-0.869219,0.190708,1.284933,-1.144902,0.332774,-0.544917,-7.392246,-8.527975
63.0,1.243478,-0.500372,-1.039079,-1.806334,1.213813,-1.462774,-0.924681,1.770151,-1.162075,0.713807,-8.018178,-24.056045
908.0,-0.164999,1.761814,1.436135,-0.101468,0.98862,-0.429348,-0.208049,-0.133557,0.093598,0.141659,-14.36096,-18.592627
711.0,1.032206,1.479041,1.252786,-0.859186,0.707129,0.810764,0.269705,0.401861,0.631744,0.484948,-14.98708,-17.952282
391.0,0.609663,-0.217599,-0.305682,-1.490618,1.495304,-1.256089,-0.9844,1.234733,-1.341457,1.228739,-5.36818,-26.481283
486.0,0.53924,1.573298,1.986182,0.529964,0.36934,0.328499,-0.088611,0.520842,0.27298,0.427733,-14.397624,-16.784375
671.0,-0.869237,-0.688887,-1.772475,0.529964,-1.319605,0.397394,0.389144,-1.204393,1.588447,-1.288709,-1.644894,-1.820918
946.0,-0.72839,-0.500372,-0.855729,0.593108,-0.644027,0.879659,0.926617,-1.144902,0.87092,-1.288709,-3.921845,-4.484209
7.0,1.736445,-0.217599,0.611064,-1.238045,0.538235,-1.118299,-1.282997,1.234733,-1.221869,0.713807,-11.347781,-21.281812
248.0,-0.37627,1.007752,-0.030658,1.413969,-0.644027,1.29303,0.807179,-0.96643,0.87092,-0.773776,-10.302348,-12.151063
895.0,0.750511,-0.783145,-0.214007,-0.985472,1.382708,-1.049404,-1.04412,1.234733,-1.221869,0.99988,-5.788286,-25.963909
642.0,0.116696,1.007752,2.261206,0.087962,0.538235,0.121813,0.508582,0.818297,0.332774,0.313304,-14.699686,-17.016013
738.0,1.595597,-0.59463,1.252786,-0.985472,0.200446,-0.911613,-0.745523,1.234733,-1.341457,0.427733,-10.499422,-21.932341
589.0,0.891359,0.347948,2.169532,-0.227754,0.313042,0.121813,-0.387207,0.699315,-0.324959,0.256089,-13.882599,-18.996147
555.0,-0.869237,0.347948,-0.030658,1.287683,-1.15071,0.604079,0.926617,-1.085412,1.409065,-1.460353,-9.68577,-11.341785
722.0,0.750511,1.10201,0.244365,0.403678,0.256744,0.328499,0.030828,0.818297,0.332774,0.484948,-14.583752,-16.910329
993.0,0.961783,0.819237,1.619484,-0.985472,0.425639,-0.773823,-0.506646,0.699315,-0.384753,0.771022,-12.886012,-20.007987
194.0,-0.024151,-1.254434,-1.222428,-1.111759,1.776795,-0.911613,-1.163558,0.223388,-1.162075,1.400384,-5.377868,-26.358981
181.0,1.10263,-0.783145,-0.397357,-1.490618,1.382708,-1.187194,-1.402435,0.937279,-1.341457,1.228739,-5.549056,-26.289184
423.0,-1.010085,-0.500372,-0.305682,0.593108,-0.925518,0.604079,1.404372,-1.144902,1.528653,-1.288709,-4.057182,-4.546288
885.0,1.173054,-1.254434,-0.305682,-0.796043,0.819726,-1.256089,-1.223277,1.413206,-1.281663,0.942666,-9.454954,-22.889476
539.0,-1.291781,-0.500372,-0.397357,-1.301188,1.495304,-1.324984,-1.342716,0.461352,-1.401251,1.343169,-3.455523,-27.870006
534.0,-0.37627,1.10201,-0.030658,0.719394,-0.700325,1.706401,1.225214,-1.620829,0.631744,-1.05985,-9.530868,-11.246438
313.0,-1.221357,0.065175,-0.855729,1.22454,-0.981816,0.535184,0.74746,-1.442357,1.588447,-1.231494,-4.316101,-4.957352
54.0,1.45475,-0.59463,-0.580706,-1.048616,1.382708,-0.842718,-0.924681,1.532187,-0.922899,1.285954,-6.993633,-25.04207
923.0,1.173054,0.724979,2.261206,-0.417184,0.763428,0.259603,-0.566365,0.699315,-0.564135,0.02723,-13.255816,-19.5456
419.0,0.257544,-0.500372,-0.397357,-1.238045,1.833093,-0.842718,-1.521874,0.877788,-1.221869,1.285954,-4.185679,-27.335187
518.0,-1.080509,-0.688887,-1.130753,0.340535,-1.094412,0.397394,0.628021,-1.204393,1.349271,-1.345924,-3.847517,-4.404767
121.0,-1.291781,-0.783145,-0.397357,1.161396,-0.981816,0.259603,0.568302,-1.085412,0.87092,-0.945421,-7.901179,-9.431966
519.0,-0.587542,0.630721,-0.305682,1.540256,-0.644027,0.259603,0.68774,-0.787957,1.050302,-0.830991,-9.707762,-11.396523
145.0,0.257544,-0.783145,0.061016,-1.238045,1.382708,-0.773823,-1.342716,0.401861,-0.803311,2.029746,-3.158841,-28.331086
505.0,0.116696,0.630721,0.702738,-0.290897,0.538235,0.466289,0.269705,0.223388,0.631744,-0.029985,-14.543813,-17.003692
89.0,1.313902,-0.688887,1.711159,-1.048616,0.538235,-0.842718,-0.566365,0.639824,-0.564135,0.771022,-12.191604,-20.398105
346.0,-1.010085,0.25369,-1.314102,1.350826,-0.756623,0.672974,1.225214,-0.906939,1.468859,-0.716562,-5.168178,-6.054231
598.0,0.820935,0.347948,1.527809,-0.101468,0.200446,0.259603,0.030828,0.758806,-0.504341,0.141659,-14.501055,-18.506276
530.0,0.609663,1.950329,1.252786,0.529964,-0.024747,0.741869,0.389144,-0.193048,-0.265166,-0.144414,-14.029393,-16.554445
816.0,-1.080509,-1.537207,-0.67238,0.529964,-1.207009,-0.222662,1.464091,-1.144902,0.990508,-1.288709,-2.904631,-3.406729
82.0,-0.939661,0.724979,-0.855729,1.161396,-1.375903,0.741869,1.165495,-1.739811,0.27298,-0.544917,-7.575418,-8.894022
547.0,-0.869237,-0.971661,0.519389,0.84568,-1.432201,1.499716,0.926617,-0.490503,0.691538,-0.716562,-8.938916,-10.38246
574.0,0.18712,-1.914238,-0.67238,-1.427475,1.044918,-1.324984,-1.342716,0.163897,-1.281663,1.972531,-2.272135,-28.999026
350.0,-1.080509,-0.029083,-1.86415,0.593108,-1.038114,0.672974,0.030828,-1.144902,1.409065,-1.117065,-6.256991,-7.287169
811.0,-1.362204,-0.029083,-0.67238,0.782537,-0.812921,0.604079,0.866898,-1.144902,1.110095,-1.231494,-2.208381,-2.678955
747.0,-0.869237,-0.029083,-2.322523,1.540256,-1.375903,0.741869,1.523811,-0.906939,0.990508,-1.231494,-5.27484,-6.17824
220.0,-0.024151,-1.065918,-0.305682,-1.174902,1.382708,-0.980509,-1.223277,0.223388,-1.281663,2.144175,-2.548047,-28.758301
299.0,0.18712,-1.537207,-0.855729,-0.922329,1.833093,-0.980509,-1.04412,0.223388,-1.102281,1.400384,-5.473172,-26.335587
193.0,0.53924,1.856072,0.33604,0.087962,0.425639,0.672974,0.269705,1.05626,0.033804,0.542163,-14.360114,-16.77893
906.0,1.173054,1.667556,1.436135,0.214248,-0.24994,0.052918,-0.088611,0.044915,-0.324959,0.656592,-14.806306,-18.13019
8.0,-1.362204,0.442206,-1.222428,1.22454,-1.319605,0.879659,0.448863,-0.847448,1.648241,-0.773776,-5.765684,-6.622003
749.0,-0.235423,1.573298,-0.489031,0.529964,-0.193641,1.086345,0.030828,-0.252539,0.57195,-0.487703,-13.037067,-15.247522
345.0,-0.869237,1.007752,-0.305682,0.277392,-0.700325,0.948555,0.68774,-0.668975,1.110095,-1.345924,-9.228672,-10.794025
481.0,0.18712,-1.160176,-0.397357,-0.796043,1.833093,-1.118299,-1.342716,0.818297,-1.162075,1.343169,-4.042252,-27.469305
323.0,-0.517118,0.25369,-0.489031,0.529964,-1.094412,0.397394,1.404372,-0.96643,0.990508,-0.716562,-6.624891,-7.771345
166.0,1.45475,-0.877403,0.152691,-1.364332,0.763428,-1.187194,-1.103839,1.472697,-1.162075,0.599377,-8.14168,-24.002361
594.0,-1.080509,-1.160176,0.152691,-0.859186,0.876024,-1.049404,-1.103839,-0.014576,-1.221869,1.743672,-1.997257,-29.261191
267.0,-1.855171,-0.217599,-0.67238,0.84568,-0.925518,0.397394,1.464091,-1.561339,1.409065,-0.888206,-7.065645,-8.367859
84.0,0.820935,1.196267,2.077857,-1.174902,0.650831,-0.567138,-0.566365,0.520842,-0.743517,0.313304,-12.600859,-20.095538
805.0,1.173054,0.065175,2.169532,-0.101468,0.425639,0.672974,-0.446927,0.044915,-0.324959,0.656592,-13.645617,-19.190224
214.0,0.680087,1.761814,1.252786,0.466821,0.36934,0.190708,-0.088611,0.461352,0.093598,0.484948,-14.960776,-17.907954
737.0,1.806869,-0.783145,-0.397357,-1.111759,0.594533,-0.842718,-1.521874,1.472697,-1.102281,0.828236,-10.078843,-22.405286
875.0,1.313902,-0.688887,0.152691,-1.174902,0.98862,-1.462774,-1.103839,0.877788,-1.221869,0.942666,-9.244708,-23.018271
369.0,1.595597,-0.311856,1.711159,-1.301188,0.200446,-0.842718,-0.685804,0.461352,-0.564135,0.484948,-12.302963,-20.408023
340.0,-1.010085,-0.688887,-1.222428,0.214248,-1.375903,0.121813,0.68774,-1.204393,1.289477,-1.345924,-1.920611,-2.247726
937.0,1.313902,0.065175,1.161111,0.087962,0.256744,0.052918,-0.924681,0.996769,-0.504341,0.427733,-11.841489,-20.713414
894.0,0.680087,-0.123341,1.161111,-0.164611,0.538235,-0.084872,-0.446927,1.05626,-0.085784,0.771022,-12.338047,-20.383896
66.0,-0.164999,-1.914238,-0.397357,-0.922329,1.833093,-0.980509,-1.223277,0.996769,-1.221869,1.400384,-4.539666,-27.205401
4.0,-1.432628,0.347948,-1.130753,1.413969,-0.700325,0.672974,1.464091,-0.96643,1.409065,-1.002635,-4.605928,-5.411807
558.0,0.327968,-1.914238,0.244365,-1.616904,1.495304,-1.738355,-0.805242,0.877788,-1.341457,1.514813,-3.670338,-27.790922
496.0,-1.010085,-0.406114,-0.67238,1.098253,-0.925518,0.328499,1.284933,-1.561339,1.409065,-1.231494,-2.295778,-2.637661
142.0,-1.150933,0.065175,-0.397357,0.656251,-1.319605,0.535184,1.225214,-1.323375,0.631744,-1.17428,-3.907199,-4.680823
1001.0,1.313902,-0.217599,-0.489031,-1.364332,1.101217,-1.049404,-1.223277,1.353715,-1.341457,-0.201629,-7.878022,-24.199832
102.0,-0.587542,0.913494,-0.67238,1.413969,-1.319605,1.01745,0.269705,-0.787957,0.990508,-1.17428,-9.250323,-10.927987
13.0,-0.939661,-0.59463,-1.039079,1.098253,-1.601096,0.328499,0.807179,-1.204393,1.169889,-1.002635,-1.384994,-1.608224
601.0,-1.010085,0.724979,-0.855729,1.350826,-0.812921,0.810764,1.046056,-1.263884,0.631744,-0.716562,-7.377831,-8.672223
383.0,0.961783,1.761814,1.802833,0.466821,0.313042,0.328499,0.090547,0.223388,0.512156,0.256089,-14.867759,-18.048136
992.0,-1.221357,0.159432,-0.855729,0.84568,-0.925518,0.535184,1.046056,-1.501848,0.811126,-0.945421,-2.532295,-3.043455
211.0,0.609663,-0.783145,-0.122333,-1.743191,1.495304,-1.118299,-1.282997,0.104406,-1.401251,1.343169,-5.346336,-26.469975
877.0,1.736445,-0.311856,-0.764055,-1.490618,0.98862,-0.704928,-1.342716,1.353715,-1.221869,0.599377,-9.29864,-23.002079
362.0,-0.164999,1.856072,0.427715,1.350826,-0.700325,1.499716,0.74746,-0.728466,0.691538,-0.716562,-10.88291,-12.774946
591.0,-0.869237,0.724979,-0.397357,1.22454,-0.700325,1.224135,0.628021,-0.847448,0.930714,-1.17428,-8.379659,-9.732954
336.0,-1.010085,1.007752,-0.122333,0.908824,-0.700325,1.361925,0.866898,-0.668975,1.229683,-0.830991,-8.443354,-10.105804
39.0,0.398392,-1.631465,-0.305682,-1.048616,1.382708,-1.049404,-1.04412,0.223388,-0.922899,1.686457,-3.715068,-27.779689
710.0,-1.573476,0.724979,-0.855729,1.287683,-1.15071,0.259603,0.68774,-1.739811,1.050302,-1.002635,-4.95651,-5.772846
775.0,0.680087,0.819237,1.619484,-0.796043,0.481937,-0.291557,-0.566365,0.580333,-0.982693,0.313304,-12.738982,-19.965534
348.0,0.116696,0.442206,1.711159,-0.417184,0.538235,0.121813,-0.208049,0.520842,-0.324959,0.713807,-13.519257,-19.4351
253.0,0.18712,2.233103,1.252786,0.340535,-0.24994,0.121813,0.448863,-0.787957,0.27298,-0.029985,-14.119388,-16.485498
729.0,0.53924,0.25369,0.519389,0.529964,0.144148,0.741869,0.269705,0.580333,0.27298,-0.144414,-14.514051,-16.902514
235.0,-1.010085,-0.029083,-0.397357,0.782537,-0.925518,0.604079,0.448863,-1.68032,1.050302,-1.345924,-6.781851,-8.0776
1003.0,-1.150933,-0.123341,-1.222428,1.03511,-1.601096,0.259603,1.225214,-1.085412,1.409065,-1.231494,-1.640602,-2.036286
163.0,-0.446694,-0.500372,-0.214007,0.908824,-0.981816,1.01745,0.508582,-0.787957,0.930714,-0.888206,-7.664816,-8.851775
475.0,-1.010085,-0.217599,-1.039079,0.403678,-1.488499,0.672974,0.926617,-1.263884,0.990508,-1.17428,-3.616605,-4.062723
541.0,0.257544,-1.254434,-0.030658,-1.743191,1.495304,-1.049404,-1.163558,0.520842,-1.341457,0.828236,-4.584399,-27.131151
133.0,-1.996019,0.25369,-0.67238,1.287683,-0.475132,1.706401,1.165495,-0.431012,1.110095,-0.945421,-9.89155,-11.5721
400.0,1.313902,0.724979,0.977762,-1.490618,0.538235,-0.429348,-0.626084,0.461352,-0.444547,0.313304,-12.083711,-20.550908
924.0,-0.869237,0.25369,-0.305682,0.277392,-1.094412,0.328499,0.807179,-1.085412,0.57195,-1.288709,-3.708623,-4.170941
247.0,0.468816,-0.123341,-0.122333,-1.301188,1.326409,-1.393879,-0.864962,1.353715,-1.162075,1.514813,-6.260557,-25.623829
140.0,0.750511,0.442206,1.986182,0.087962,0.425639,0.466289,-0.028891,0.34237,-0.803311,0.828236,-13.498453,-19.369374
422.0,-1.221357,-0.029083,-0.397357,0.908824,-1.094412,0.535184,0.986337,-1.68032,0.87092,-1.231494,-3.337363,-3.947986
184.0,-1.080509,-0.217599,-0.67238,1.603399,-0.756623,0.052918,0.448863,-1.620829,1.169889,-0.602132,-5.459838,-6.48865
665.0,0.257544,-0.500372,-1.222428,-0.796043,1.833093,-1.66946,-0.9844,0.580333,-1.162075,1.343169,-5.00244,-26.751078
666.0,-1.573476,-0.217599,-0.67238,1.287683,-0.587729,0.397394,0.926617,-1.025921,1.110095,-1.002635,-4.915338,-5.806498
1004.0,-2.136867,-0.406114,-1.955824,0.656251,-1.432201,0.328499,0.329424,-1.085412,1.528653,-1.117065,-1.522337,-1.785993
12.0,-0.939661,0.159432,-0.67238,1.161396,-0.925518,0.535184,1.404372,-0.96643,1.528653,-1.117065,-3.64195,-4.231173
773.0,0.257544,1.479041,1.436135,-0.038324,0.763428,-0.429348,-0.327488,-0.074066,0.153392,0.542163,-14.454956,-18.509465
647.0,1.243478,1.10201,1.527809,0.087962,0.256744,-1.049404,0.030828,0.758806,-0.085784,0.141659,-14.880126,-18.11347
338.0,-0.164999,1.950329,1.252786,0.529964,-0.418834,0.948555,0.508582,-0.371521,0.512156,-0.487703,-13.741878,-16.083298
787.0,1.45475,-0.688887,-0.580706,-1.743191,1.213813,-0.842718,-1.04412,1.948624,-0.863105,0.771022,-8.54887,-23.612551
478.0,-1.432628,0.159432,-0.580706,1.22454,-0.812921,0.604079,1.344653,-1.442357,0.930714,-0.945421,-6.791223,-8.050411
367.0,1.243478,-0.59463,1.436135,-0.669756,0.481937,-0.773823,-0.924681,1.05626,-0.683723,0.771022,-10.863054,-21.529761
544.0,-1.221357,-0.029083,-0.397357,0.087962,-1.375903,0.741869,0.866898,-1.739811,0.392568,-1.17428,-4.165259,-4.898929
331.0,-0.37627,1.667556,0.886087,-0.35404,-0.925518,0.741869,0.568302,0.104406,0.093598,-0.0872,-13.313913,-15.527755
732.0,-0.939661,-0.217599,-0.67238,1.03511,-0.981816,0.672974,1.404372,-1.323375,1.588447,-1.17428,-4.216927,-4.922018
195.0,0.327968,2.044587,1.069437,0.403678,0.481937,0.259603,-0.208049,0.520842,-0.324959,0.427733,-14.963425,-17.827313
1.0,0.398392,-0.971661,-0.489031,-1.301188,1.044918,-0.842718,-1.223277,0.996769,-0.803311,1.629243,-2.531668,-28.835118
293.0,-0.939661,0.819237,0.886087,0.529964,-0.362536,1.361925,1.225214,-0.668975,1.050302,-1.231494,-11.742519,-13.72858
566.0,0.046273,-1.160176,-0.489031,-0.985472,1.833093,-1.187194,-0.924681,0.163897,-1.162075,1.343169,-4.623182,-26.968429
678.0,0.468816,0.819237,1.34446,-0.669756,0.538235,-0.429348,-0.387207,0.163897,-0.02599,0.542163,-12.383292,-20.259948
322.0,1.173054,-0.500372,1.436135,-0.038324,0.256744,0.121813,-0.446927,0.937279,-0.863105,0.427733,-11.995505,-20.629155
295.0,0.18712,-2.102753,0.244365,-1.680048,1.101217,-1.66946,-1.163558,0.520842,-1.341457,2.08696,-1.586022,-29.478239
1005.0,-0.587542,0.159432,-0.489031,0.656251,-0.981816,0.328499,0.68774,-0.906939,1.468859,-1.231494,-3.910344,-4.654938
117.0,0.891359,-0.500372,-0.214007,-0.859186,1.439006,-1.66946,-1.402435,1.115751,-1.162075,0.656592,-6.095473,-25.781569
333.0,1.525173,0.819237,2.261206,-0.669756,0.594533,-0.360453,-0.506646,0.520842,-1.221869,-0.430488,-12.59135,-20.166916
882.0,-0.798814,0.724979,-0.030658,0.656251,-0.475132,0.948555,0.74746,-0.371521,0.27298,-0.830991,-11.967594,-14.162944
342.0,-0.657966,0.724979,-0.397357,1.03511,-0.475132,1.361925,0.68774,-0.787957,0.332774,-0.544917,-10.698997,-12.530099
820.0,0.609663,-1.065918,-0.030658,-1.490618,1.044918,-1.118299,-1.342716,1.353715,-1.341457,0.828236,-6.993451,-25.058922
276.0,-0.517118,0.347948,-0.030658,0.593108,-0.475132,1.568611,1.284933,-1.085412,0.691538,-0.830991,-10.685189,-12.476839
692.0,1.595597,-1.065918,-0.397357,-1.427475,0.313042,-0.842718,-0.9844,1.413206,-1.102281,-0.201629,-9.242858,-22.99819
203.0,1.45475,-0.123341,0.886087,-0.796043,0.425639,-1.324984,-0.805242,1.05626,-0.863105,0.484948,-11.253574,-21.383802
838.0,1.384326,0.347948,1.069437,0.024819,0.538235,-0.153767,-1.103839,0.937279,-0.623929,0.771022,-12.843706,-19.964916
358.0,-1.714324,-0.029083,0.886087,1.03511,-0.137343,1.086345,0.329424,-0.252539,0.033804,-0.430488,-11.585002,-13.749234
296.0,0.18712,-1.442949,0.152691,-1.553761,1.213813,-1.256089,-1.04412,-0.074066,-1.341457,2.029746,-1.451678,-29.769535
161.0,-1.573476,-0.500372,-0.855729,1.540256,-1.038114,0.741869,1.464091,-1.085412,1.349271,-1.05985,-5.99071,-6.86497
385.0,1.595597,-0.406114,0.061016,-1.238045,0.200446,-1.187194,-1.402435,1.413206,-1.162075,0.484948,-10.019561,-22.231464
656.0,-0.939661,0.724979,-0.397357,0.656251,-1.094412,0.672974,1.105775,-1.68032,0.033804,-0.830991,-3.663808,-4.111027
94.0,1.45475,-0.783145,1.436135,-0.796043,0.707129,-0.360453,-0.745523,0.996769,-0.922899,0.656592,-12.122839,-20.575414
260.0,-0.939661,0.819237,-0.030658,1.098253,-0.587729,1.499716,0.090547,-0.133557,0.57195,-1.117065,-12.157569,-14.167547
706.0,0.257544,-1.442949,-0.489031,-1.301188,1.270111,-1.462774,-1.282997,0.223388,-1.102281,1.858102,-2.159529,-29.164209
652.0,-0.164999,1.667556,1.619484,-0.227754,0.200446,0.121813,0.030828,0.818297,-0.265166,0.542163,-13.971826,-18.968998
355.0,1.736445,-1.442949,-0.122333,-1.238045,0.425639,-0.980509,-1.282997,1.353715,-1.341457,0.313304,-10.035416,-22.359916
452.0,1.313902,-0.217599,-0.397357,-1.238045,1.326409,-0.911613,-1.521874,1.413206,-1.281663,1.285954,-7.7955,-24.350751
839.0,1.525173,-1.065918,-0.122333,-1.553761,0.763428,-1.118299,-1.342716,1.532187,-0.982693,0.828236,-8.089375,-24.004535
132.0,-0.72839,0.724979,-0.122333,1.161396,-1.207009,0.741869,1.464091,-0.847448,0.930714,-0.773776,-8.802593,-10.441366
431.0,-1.080509,1.667556,-0.397357,1.287683,-1.207009,1.706401,0.926617,-0.847448,-0.085784,-0.945421,-10.765984,-12.620342
252.0,-0.446694,0.630721,0.33604,0.971967,-0.925518,1.15524,1.225214,-0.728466,0.332774,-0.602132,-10.38979,-12.006367
698.0,0.53924,0.347948,1.711159,-0.54347,0.594533,-0.636033,-0.387207,0.639824,-0.384753,0.542163,-12.827149,-19.909963
32.0,0.398392,-1.065918,0.152691,-1.174902,0.594533,-1.462774,-0.924681,0.877788,-1.341457,1.858102,-3.247978,-28.22969
694.0,1.806869,-0.029083,0.977762,-0.922329,0.932322,-0.980509,-0.745523,1.234733,-1.281663,0.828236,-9.699157,-22.589773
330.0,0.680087,0.347948,2.077857,-0.417184,0.425639,0.672974,-0.208049,1.115751,-0.324959,-0.0872,-13.663484,-19.207583
167.0,-0.094575,-2.197011,0.152691,-1.301188,1.157515,-1.80725,-1.223277,0.401861,-1.281663,1.743672,-2.234446,-29.026519
930.0,-0.517118,0.25369,0.33604,0.84568,-1.544798,1.43082,0.389144,-0.371521,0.392568,-0.716562,-8.21267,-9.629234
876.0,1.595597,-2.008496,0.152691,-1.048616,1.157515,-1.256089,-1.521874,1.175242,-1.221869,0.885451,-8.558571,-23.651822
152.0,0.53924,-1.254434,-0.305682,-1.616904,1.495304,-1.118299,-0.864962,0.639824,-1.221869,1.285954,-4.747095,-26.940953
217.0,0.257544,-0.406114,-1.039079,-1.553761,1.382708,-1.118299,-0.9844,0.520842,-1.341457,1.285954,-4.967166,-26.719585
497.0,1.45475,-0.59463,0.061016,-1.048616,0.538235,-1.94504,-1.223277,1.889133,-1.162075,0.599377,-8.87275,-23.396135
279.0,-1.080509,0.159432,-1.589126,0.908824,-1.432201,0.604079,0.209986,-0.906939,1.528653,-1.231494,-2.534846,-2.864984
687.0,-0.446694,1.007752,0.061016,0.782537,-0.362536,1.568611,0.628021,-0.252539,0.751332,-0.716562,-12.253298,-14.317351
44.0,1.736445,-0.500372,0.427715,-0.54347,0.932322,-0.704928,-1.462155,0.877788,-0.803311,0.313304,-10.790608,-21.74661
334.0,-1.784747,-0.029083,-1.039079,1.350826,-0.756623,0.604079,0.926617,-0.96643,1.468859,-1.345924,-5.619468,-6.585681
716.0,-0.869237,0.347948,-0.305682,1.413969,-1.263307,0.672974,0.926617,-1.561339,1.169889,-1.117065,-6.00109,-7.100526
975.0,-1.291781,1.573298,0.33604,0.529964,-0.475132,1.706401,1.046056,-0.549994,1.050302,-0.602132,-11.723659,-13.757571
310.0,0.398392,-0.783145,-0.030658,-0.922329,1.270111,-1.80725,-1.04412,1.294224,-1.162075,0.828236,-7.357897,-24.710523
413.0,-0.657966,0.25369,-0.305682,0.529964,-0.700325,0.741869,1.284933,-0.847448,0.930714,-0.659347,-10.560235,-12.404101
772.0,0.18712,-1.725722,-0.214007,-1.616904,1.382708,-0.842718,-1.402435,0.520842,-1.162075,2.08696,-2.983559,-28.524789
664.0,-0.305847,1.007752,-0.397357,1.287683,-0.587729,1.706401,0.389144,-1.263884,0.392568,-0.373273,-11.370503,-13.408664
25.0,1.313902,1.196267,2.077857,0.277392,0.256744,-0.360453,-0.626084,0.461352,0.153392,0.256089,-14.933141,-18.103156
833.0,-0.164999,1.007752,0.427715,1.22454,-0.644027,1.499716,0.74746,-0.371521,0.631744,-0.659347,-10.572304,-12.488907
677.0,0.468816,-1.160176,-0.580706,-1.111759,1.044918,-0.980509,-1.342716,0.937279,-1.281663,1.629243,-2.489202,-28.816515
570.0,-0.587542,-1.065918,-0.67238,1.22454,-0.700325,0.604079,1.523811,-1.323375,0.452362,-0.716562,-7.278783,-8.380443
797.0,-1.010085,1.196267,-0.305682,0.151105,-0.869219,0.879659,1.046056,-0.787957,1.528653,-1.117065,-8.603553,-10.106607
817.0,0.680087,0.819237,1.711159,-0.038324,0.087849,0.672974,0.030828,0.818297,-0.863105,0.656592,-14.163837,-18.682155
970.0,-1.150933,0.724979,-0.305682,0.656251,-1.432201,0.741869,0.866898,-1.263884,0.990508,-1.117065,-2.99857,-3.582895
514.0,-1.573476,1.573298,0.427715,0.214248,-0.700325,1.637506,0.866898,-0.074066,1.050302,-0.373273,-11.256713,-13.344919
451.0,0.680087,1.761814,2.169532,0.214248,0.031551,0.604079,0.269705,-0.193048,0.57195,0.542163,-14.963349,-18.01444
9.0,-1.503052,0.347948,-0.764055,0.84568,-1.038114,0.259603,1.464091,-1.144902,0.452362,-1.17428,-7.785905,-9.065343
1006.0,-0.024151,-0.877403,-0.855729,-1.490618,1.833093,-1.256089,-1.342716,0.461352,-0.863105,1.285954,-4.330535,-27.225705
375.0,0.18712,-1.442949,-0.305682,-0.859186,0.707129,-0.980509,-1.462155,0.401861,-1.341457,2.315819,-2.695834,-28.703773
169.0,-1.221357,-0.59463,-0.67238,0.593108,-1.038114,0.397394,1.523811,-1.263884,1.289477,-1.288709,-4.001066,-4.646038
596.0,0.53924,1.667556,0.519389,0.340535,0.256744,0.397394,0.030828,-0.074066,-0.02599,0.084445,-14.303346,-16.825736
504.0,0.257544,-0.877403,0.152691,-1.680048,1.382708,-1.118299,-0.924681,0.996769,-1.221869,1.285954,-4.666029,-26.844412
629.0,-0.164999,0.724979,0.061016,0.087962,-0.081045,1.29303,0.389144,0.104406,0.452362,-0.716562,-13.116067,-15.387714
11.0,-0.305847,1.007752,-0.947404,1.287683,-0.812921,1.706401,1.284933,-0.490503,0.631744,-0.487703,-11.039195,-12.995234
977.0,0.257544,-1.631465,-0.030658,-1.680048,1.213813,-1.324984,-0.9844,0.461352,-1.341457,1.743672,-1.343193,-29.780374
360.0,-1.855171,-0.123341,-1.772475,0.593108,-1.544798,0.397394,0.807179,-0.96643,0.87092,-1.231494,-2.489376,-2.941556
425.0,-1.010085,1.573298,-0.122333,1.287683,-1.038114,1.086345,1.046056,-0.96643,0.930714,-1.002635,-9.130172,-10.703496
510.0,-0.657966,1.290525,0.519389,1.413969,-0.644027,1.499716,1.344653,-0.252539,0.631744,-0.659347,-10.602191,-12.438181
339.0,1.525173,-0.783145,-0.030658,-1.238045,0.707129,-0.980509,-1.462155,1.770151,-1.102281,0.713807,-8.894107,-23.421666
304.0,0.609663,-1.725722,-1.130753,-0.922329,1.551602,-1.66946,-1.163558,0.758806,-1.341457,0.942666,-4.842418,-26.886065
91.0,-1.010085,0.819237,-0.305682,1.03511,-0.981816,0.879659,0.68774,-1.085412,1.409065,-0.830991,-8.892842,-10.57401
213.0,0.468816,0.819237,1.436135,0.024819,0.087849,-1.118299,-0.028891,0.877788,-0.743517,0.542163,-14.026246,-18.8851
537.0,-1.362204,0.536463,-0.489031,1.287683,-1.094412,0.190708,0.448863,-1.68032,1.528653,-1.231494,-9.462567,-11.319174
597.0,-0.305847,-1.348691,-0.397357,-0.922329,0.481937,-1.118299,-1.521874,0.461352,-1.162075,0.942666,-1.532949,-29.667645
614.0,-0.869237,-0.59463,-0.855729,1.477112,-0.869219,1.01745,1.404372,-1.501848,0.631744,-0.716562,-7.278942,-8.521287
480.0,0.680087,-0.783145,-0.489031,-1.553761,0.425639,-1.462774,-1.402435,1.591678,-1.162075,0.084445,-7.963676,-24.137747
191.0,-1.080509,0.25369,-0.764055,1.22454,-1.038114,0.810764,0.68774,-0.847448,1.648241,-0.830991,-5.560035,-6.492207
973.0,-0.235423,1.007752,0.611064,0.466821,-0.137343,1.43082,0.389144,-0.074066,0.392568,-0.830991,-12.902535,-15.19813
703.0,0.116696,-1.442949,-1.589126,-1.174902,1.720497,-0.980509,-1.342716,0.223388,-1.341457,1.514813,-5.296011,-26.440755
523.0,-0.587542,0.536463,0.886087,0.719394,-0.24994,0.879659,0.448863,-0.193048,0.033804,-0.602132,-13.063633,-15.223847
982.0,1.666021,-0.029083,0.702738,-0.796043,0.256744,-1.66946,-1.402435,1.175242,-0.922899,0.713807,-10.989673,-21.465772
784.0,-0.235423,0.347948,-0.030658,0.593108,-1.038114,1.15524,0.68774,-0.431012,0.631744,-0.487703,-12.409791,-14.524782
168.0,0.398392,-1.348691,-0.122333,-1.616904,1.495304,-1.187194,-0.805242,0.223388,-1.162075,1.514813,-3.324837,-28.241718
524.0,-0.37627,-1.160176,-1.130753,-1.427475,1.6079,-0.842718,-1.223277,0.223388,-1.281663,1.457598,-5.315933,-26.337591
944.0,-1.080509,-0.59463,-1.314102,0.529964,-1.432201,0.259603,0.68774,-1.263884,1.409065,-1.231494,-2.005038,-2.398675
648.0,-1.432628,-0.029083,-1.222428,0.403678,-1.432201,0.535184,0.448863,-0.906939,0.87092,-1.231494,-2.350628,-2.722475
989.0,-0.446694,1.573298,0.244365,1.098253,-0.137343,0.879659,0.68774,-0.252539,0.751332,-0.602132,-12.439418,-14.508443
691.0,0.680087,-0.217599,0.152691,-0.796043,1.213813,-1.324984,-1.342716,1.294224,-0.922899,0.542163,-6.433373,-25.424612
294.0,0.18712,2.138845,0.794413,-0.038324,-0.587729,0.741869,-0.088611,0.044915,0.512156,-0.430488,-12.912112,-15.237441
469.0,1.806869,-0.029083,0.977762,-0.985472,0.932322,-1.256089,-0.805242,1.294224,-0.922899,0.942666,-9.674066,-22.636061
444.0,-0.164999,0.536463,0.977762,0.529964,-0.193641,1.29303,0.508582,-0.252539,-0.145578,-0.830991,-13.650165,-15.945326
866.0,-1.150933,0.442206,-1.039079,1.161396,-1.15071,-0.291557,1.284933,-1.144902,1.409065,-0.945421,-7.067672,-8.320208
372.0,0.327968,1.856072,1.161111,0.466821,0.481937,0.741869,0.74746,0.223388,0.631744,0.542163,-14.903441,-17.442175
814.0,-1.573476,-0.029083,-0.855729,0.719394,-1.038114,0.879659,1.284933,-1.561339,0.57195,-0.830991,-4.690152,-5.396394
719.0,-0.869237,-1.065918,-1.680801,0.466821,-1.15071,0.741869,0.68774,-0.906939,0.751332,-1.117065,-1.85878,-2.233169
971.0,0.53924,-1.160176,-0.305682,-1.238045,1.044918,-1.66946,-1.282997,0.282879,-1.341457,2.20139,-1.737161,-29.44292
